From,To,Type,Label,Id
spec,section-001-symphony-service-specification,contains,contains,spec->section-001-symphony-service-specification:contains
section-001-symphony-service-specification,section-002-normative-language,contains,contains,section-001-symphony-service-specification->section-002-normative-language:contains
section-001-symphony-service-specification,section-003-1-problem-statement,contains,contains,section-001-symphony-service-specification->section-003-1-problem-statement:contains
section-001-symphony-service-specification,section-004-2-goals-and-non-goals,contains,contains,section-001-symphony-service-specification->section-004-2-goals-and-non-goals:contains
section-004-2-goals-and-non-goals,section-005-2-1-goals,contains,contains,section-004-2-goals-and-non-goals->section-005-2-1-goals:contains
section-004-2-goals-and-non-goals,section-006-2-2-non-goals,contains,contains,section-004-2-goals-and-non-goals->section-006-2-2-non-goals:contains
section-001-symphony-service-specification,section-007-3-system-overview,contains,contains,section-001-symphony-service-specification->section-007-3-system-overview:contains
section-007-3-system-overview,section-008-3-1-main-components,contains,contains,section-007-3-system-overview->section-008-3-1-main-components:contains
section-007-3-system-overview,section-009-3-2-abstraction-levels,contains,contains,section-007-3-system-overview->section-009-3-2-abstraction-levels:contains
section-007-3-system-overview,section-010-3-3-external-dependencies,contains,contains,section-007-3-system-overview->section-010-3-3-external-dependencies:contains
section-001-symphony-service-specification,section-011-4-core-domain-model,contains,contains,section-001-symphony-service-specification->section-011-4-core-domain-model:contains
section-011-4-core-domain-model,section-012-4-1-entities,contains,contains,section-011-4-core-domain-model->section-012-4-1-entities:contains
section-012-4-1-entities,section-013-4-1-1-issue,contains,contains,section-012-4-1-entities->section-013-4-1-1-issue:contains
section-012-4-1-entities,section-014-4-1-2-workflow-definition,contains,contains,section-012-4-1-entities->section-014-4-1-2-workflow-definition:contains
section-012-4-1-entities,section-015-4-1-3-service-config-typed-view,contains,contains,section-012-4-1-entities->section-015-4-1-3-service-config-typed-view:contains
section-012-4-1-entities,section-016-4-1-4-workspace,contains,contains,section-012-4-1-entities->section-016-4-1-4-workspace:contains
section-012-4-1-entities,section-017-4-1-5-run-attempt,contains,contains,section-012-4-1-entities->section-017-4-1-5-run-attempt:contains
section-012-4-1-entities,section-018-4-1-6-live-session-agent-session-metadata,contains,contains,section-012-4-1-entities->section-018-4-1-6-live-session-agent-session-metadata:contains
section-012-4-1-entities,section-019-4-1-7-retry-entry,contains,contains,section-012-4-1-entities->section-019-4-1-7-retry-entry:contains
section-012-4-1-entities,section-020-4-1-8-orchestrator-runtime-state,contains,contains,section-012-4-1-entities->section-020-4-1-8-orchestrator-runtime-state:contains
section-011-4-core-domain-model,section-021-4-2-stable-identifiers-and-normalization-rules,contains,contains,section-011-4-core-domain-model->section-021-4-2-stable-identifiers-and-normalization-rules:contains
section-001-symphony-service-specification,section-022-5-workflow-specification-repository-contract,contains,contains,section-001-symphony-service-specification->section-022-5-workflow-specification-repository-contract:contains
section-022-5-workflow-specification-repository-contract,section-023-5-1-file-discovery-and-path-resolution,contains,contains,section-022-5-workflow-specification-repository-contract->section-023-5-1-file-discovery-and-path-resolution:contains
section-022-5-workflow-specification-repository-contract,section-024-5-2-file-format,contains,contains,section-022-5-workflow-specification-repository-contract->section-024-5-2-file-format:contains
section-022-5-workflow-specification-repository-contract,section-025-5-3-front-matter-schema,contains,contains,section-022-5-workflow-specification-repository-contract->section-025-5-3-front-matter-schema:contains
section-025-5-3-front-matter-schema,section-026-5-3-1-tracker-object,contains,contains,section-025-5-3-front-matter-schema->section-026-5-3-1-tracker-object:contains
section-025-5-3-front-matter-schema,section-027-5-3-2-polling-object,contains,contains,section-025-5-3-front-matter-schema->section-027-5-3-2-polling-object:contains
section-025-5-3-front-matter-schema,section-028-5-3-3-workspace-object,contains,contains,section-025-5-3-front-matter-schema->section-028-5-3-3-workspace-object:contains
section-025-5-3-front-matter-schema,section-029-5-3-4-hooks-object,contains,contains,section-025-5-3-front-matter-schema->section-029-5-3-4-hooks-object:contains
section-025-5-3-front-matter-schema,section-030-5-3-5-agent-object,contains,contains,section-025-5-3-front-matter-schema->section-030-5-3-5-agent-object:contains
section-025-5-3-front-matter-schema,section-031-5-3-6-codex-object,contains,contains,section-025-5-3-front-matter-schema->section-031-5-3-6-codex-object:contains
section-022-5-workflow-specification-repository-contract,section-032-5-4-prompt-template-contract,contains,contains,section-022-5-workflow-specification-repository-contract->section-032-5-4-prompt-template-contract:contains
section-022-5-workflow-specification-repository-contract,section-033-5-5-workflow-validation-and-error-surface,contains,contains,section-022-5-workflow-specification-repository-contract->section-033-5-5-workflow-validation-and-error-surface:contains
section-001-symphony-service-specification,section-034-6-configuration-specification,contains,contains,section-001-symphony-service-specification->section-034-6-configuration-specification:contains
section-034-6-configuration-specification,section-035-6-1-configuration-resolution-pipeline,contains,contains,section-034-6-configuration-specification->section-035-6-1-configuration-resolution-pipeline:contains
section-034-6-configuration-specification,section-036-6-2-dynamic-reload-semantics,contains,contains,section-034-6-configuration-specification->section-036-6-2-dynamic-reload-semantics:contains
section-034-6-configuration-specification,section-037-6-3-dispatch-preflight-validation,contains,contains,section-034-6-configuration-specification->section-037-6-3-dispatch-preflight-validation:contains
section-034-6-configuration-specification,section-038-6-4-core-config-fields-summary-cheat-sheet,contains,contains,section-034-6-configuration-specification->section-038-6-4-core-config-fields-summary-cheat-sheet:contains
section-001-symphony-service-specification,section-039-7-orchestration-state-machine,contains,contains,section-001-symphony-service-specification->section-039-7-orchestration-state-machine:contains
section-039-7-orchestration-state-machine,section-040-7-1-issue-orchestration-states,contains,contains,section-039-7-orchestration-state-machine->section-040-7-1-issue-orchestration-states:contains
section-039-7-orchestration-state-machine,section-041-7-2-run-attempt-lifecycle,contains,contains,section-039-7-orchestration-state-machine->section-041-7-2-run-attempt-lifecycle:contains
section-039-7-orchestration-state-machine,section-042-7-3-transition-triggers,contains,contains,section-039-7-orchestration-state-machine->section-042-7-3-transition-triggers:contains
section-039-7-orchestration-state-machine,section-043-7-4-idempotency-and-recovery-rules,contains,contains,section-039-7-orchestration-state-machine->section-043-7-4-idempotency-and-recovery-rules:contains
section-001-symphony-service-specification,section-044-8-polling-scheduling-and-reconciliation,contains,contains,section-001-symphony-service-specification->section-044-8-polling-scheduling-and-reconciliation:contains
section-044-8-polling-scheduling-and-reconciliation,section-045-8-1-poll-loop,contains,contains,section-044-8-polling-scheduling-and-reconciliation->section-045-8-1-poll-loop:contains
section-044-8-polling-scheduling-and-reconciliation,section-046-8-2-candidate-selection-rules,contains,contains,section-044-8-polling-scheduling-and-reconciliation->section-046-8-2-candidate-selection-rules:contains
section-044-8-polling-scheduling-and-reconciliation,section-047-8-3-concurrency-control,contains,contains,section-044-8-polling-scheduling-and-reconciliation->section-047-8-3-concurrency-control:contains
section-044-8-polling-scheduling-and-reconciliation,section-048-8-4-retry-and-backoff,contains,contains,section-044-8-polling-scheduling-and-reconciliation->section-048-8-4-retry-and-backoff:contains
section-044-8-polling-scheduling-and-reconciliation,section-049-8-5-active-run-reconciliation,contains,contains,section-044-8-polling-scheduling-and-reconciliation->section-049-8-5-active-run-reconciliation:contains
section-044-8-polling-scheduling-and-reconciliation,section-050-8-6-startup-terminal-workspace-cleanup,contains,contains,section-044-8-polling-scheduling-and-reconciliation->section-050-8-6-startup-terminal-workspace-cleanup:contains
section-001-symphony-service-specification,section-051-9-workspace-management-and-safety,contains,contains,section-001-symphony-service-specification->section-051-9-workspace-management-and-safety:contains
section-051-9-workspace-management-and-safety,section-052-9-1-workspace-layout,contains,contains,section-051-9-workspace-management-and-safety->section-052-9-1-workspace-layout:contains
section-051-9-workspace-management-and-safety,section-053-9-2-workspace-creation-and-reuse,contains,contains,section-051-9-workspace-management-and-safety->section-053-9-2-workspace-creation-and-reuse:contains
section-051-9-workspace-management-and-safety,section-054-9-3-optional-workspace-population-implementation-defined,contains,contains,section-051-9-workspace-management-and-safety->section-054-9-3-optional-workspace-population-implementation-defined:contains
section-051-9-workspace-management-and-safety,section-055-9-4-workspace-hooks,contains,contains,section-051-9-workspace-management-and-safety->section-055-9-4-workspace-hooks:contains
section-051-9-workspace-management-and-safety,section-056-9-5-safety-invariants,contains,contains,section-051-9-workspace-management-and-safety->section-056-9-5-safety-invariants:contains
section-001-symphony-service-specification,section-057-10-agent-runner-protocol-coding-agent-integration,contains,contains,section-001-symphony-service-specification->section-057-10-agent-runner-protocol-coding-agent-integration:contains
section-057-10-agent-runner-protocol-coding-agent-integration,section-058-10-1-launch-contract,contains,contains,section-057-10-agent-runner-protocol-coding-agent-integration->section-058-10-1-launch-contract:contains
section-057-10-agent-runner-protocol-coding-agent-integration,section-059-10-2-session-startup-responsibilities,contains,contains,section-057-10-agent-runner-protocol-coding-agent-integration->section-059-10-2-session-startup-responsibilities:contains
section-057-10-agent-runner-protocol-coding-agent-integration,section-060-10-3-streaming-turn-processing,contains,contains,section-057-10-agent-runner-protocol-coding-agent-integration->section-060-10-3-streaming-turn-processing:contains
section-057-10-agent-runner-protocol-coding-agent-integration,section-061-10-4-emitted-runtime-events-upstream-to-orchestrator,contains,contains,section-057-10-agent-runner-protocol-coding-agent-integration->section-061-10-4-emitted-runtime-events-upstream-to-orchestrator:contains
section-057-10-agent-runner-protocol-coding-agent-integration,section-062-10-5-approval-tool-calls-and-user-input-policy,contains,contains,section-057-10-agent-runner-protocol-coding-agent-integration->section-062-10-5-approval-tool-calls-and-user-input-policy:contains
section-057-10-agent-runner-protocol-coding-agent-integration,section-063-10-6-timeouts-and-error-mapping,contains,contains,section-057-10-agent-runner-protocol-coding-agent-integration->section-063-10-6-timeouts-and-error-mapping:contains
section-057-10-agent-runner-protocol-coding-agent-integration,section-064-10-7-agent-runner-contract,contains,contains,section-057-10-agent-runner-protocol-coding-agent-integration->section-064-10-7-agent-runner-contract:contains
section-001-symphony-service-specification,section-065-11-issue-tracker-integration-contract-linear-compatible,contains,contains,section-001-symphony-service-specification->section-065-11-issue-tracker-integration-contract-linear-compatible:contains
section-065-11-issue-tracker-integration-contract-linear-compatible,section-066-11-1-required-operations,contains,contains,section-065-11-issue-tracker-integration-contract-linear-compatible->section-066-11-1-required-operations:contains
section-065-11-issue-tracker-integration-contract-linear-compatible,section-067-11-2-query-semantics-linear,contains,contains,section-065-11-issue-tracker-integration-contract-linear-compatible->section-067-11-2-query-semantics-linear:contains
section-065-11-issue-tracker-integration-contract-linear-compatible,section-068-11-3-normalization-rules,contains,contains,section-065-11-issue-tracker-integration-contract-linear-compatible->section-068-11-3-normalization-rules:contains
section-065-11-issue-tracker-integration-contract-linear-compatible,section-069-11-4-error-handling-contract,contains,contains,section-065-11-issue-tracker-integration-contract-linear-compatible->section-069-11-4-error-handling-contract:contains
section-065-11-issue-tracker-integration-contract-linear-compatible,section-070-11-5-tracker-writes-important-boundary,contains,contains,section-065-11-issue-tracker-integration-contract-linear-compatible->section-070-11-5-tracker-writes-important-boundary:contains
section-001-symphony-service-specification,section-071-12-prompt-construction-and-context-assembly,contains,contains,section-001-symphony-service-specification->section-071-12-prompt-construction-and-context-assembly:contains
section-071-12-prompt-construction-and-context-assembly,section-072-12-1-inputs,contains,contains,section-071-12-prompt-construction-and-context-assembly->section-072-12-1-inputs:contains
section-071-12-prompt-construction-and-context-assembly,section-073-12-2-rendering-rules,contains,contains,section-071-12-prompt-construction-and-context-assembly->section-073-12-2-rendering-rules:contains
section-071-12-prompt-construction-and-context-assembly,section-074-12-3-retry-continuation-semantics,contains,contains,section-071-12-prompt-construction-and-context-assembly->section-074-12-3-retry-continuation-semantics:contains
section-071-12-prompt-construction-and-context-assembly,section-075-12-4-failure-semantics,contains,contains,section-071-12-prompt-construction-and-context-assembly->section-075-12-4-failure-semantics:contains
section-001-symphony-service-specification,section-076-13-logging-status-and-observability,contains,contains,section-001-symphony-service-specification->section-076-13-logging-status-and-observability:contains
section-076-13-logging-status-and-observability,section-077-13-1-logging-conventions,contains,contains,section-076-13-logging-status-and-observability->section-077-13-1-logging-conventions:contains
section-076-13-logging-status-and-observability,section-078-13-2-logging-outputs-and-sinks,contains,contains,section-076-13-logging-status-and-observability->section-078-13-2-logging-outputs-and-sinks:contains
section-076-13-logging-status-and-observability,section-079-13-3-runtime-snapshot-monitoring-interface-optional-but-recommended,contains,contains,section-076-13-logging-status-and-observability->section-079-13-3-runtime-snapshot-monitoring-interface-optional-but-recommended:contains
section-076-13-logging-status-and-observability,section-080-13-4-optional-human-readable-status-surface,contains,contains,section-076-13-logging-status-and-observability->section-080-13-4-optional-human-readable-status-surface:contains
section-076-13-logging-status-and-observability,section-081-13-5-session-metrics-and-token-accounting,contains,contains,section-076-13-logging-status-and-observability->section-081-13-5-session-metrics-and-token-accounting:contains
section-076-13-logging-status-and-observability,section-082-13-6-humanized-agent-event-summaries-optional,contains,contains,section-076-13-logging-status-and-observability->section-082-13-6-humanized-agent-event-summaries-optional:contains
section-076-13-logging-status-and-observability,section-083-13-7-optional-http-server-extension,contains,contains,section-076-13-logging-status-and-observability->section-083-13-7-optional-http-server-extension:contains
section-083-13-7-optional-http-server-extension,section-084-13-7-1-human-readable-dashboard,contains,contains,section-083-13-7-optional-http-server-extension->section-084-13-7-1-human-readable-dashboard:contains
section-083-13-7-optional-http-server-extension,section-085-13-7-2-json-rest-api-api-v1,contains,contains,section-083-13-7-optional-http-server-extension->section-085-13-7-2-json-rest-api-api-v1:contains
section-001-symphony-service-specification,section-086-14-failure-model-and-recovery-strategy,contains,contains,section-001-symphony-service-specification->section-086-14-failure-model-and-recovery-strategy:contains
section-086-14-failure-model-and-recovery-strategy,section-087-14-1-failure-classes,contains,contains,section-086-14-failure-model-and-recovery-strategy->section-087-14-1-failure-classes:contains
section-086-14-failure-model-and-recovery-strategy,section-088-14-2-recovery-behavior,contains,contains,section-086-14-failure-model-and-recovery-strategy->section-088-14-2-recovery-behavior:contains
section-086-14-failure-model-and-recovery-strategy,section-089-14-3-partial-state-recovery-restart,contains,contains,section-086-14-failure-model-and-recovery-strategy->section-089-14-3-partial-state-recovery-restart:contains
section-086-14-failure-model-and-recovery-strategy,section-090-14-4-operator-intervention-points,contains,contains,section-086-14-failure-model-and-recovery-strategy->section-090-14-4-operator-intervention-points:contains
section-001-symphony-service-specification,section-091-15-security-and-operational-safety,contains,contains,section-001-symphony-service-specification->section-091-15-security-and-operational-safety:contains
section-091-15-security-and-operational-safety,section-092-15-1-trust-boundary-assumption,contains,contains,section-091-15-security-and-operational-safety->section-092-15-1-trust-boundary-assumption:contains
section-091-15-security-and-operational-safety,section-093-15-2-filesystem-safety-requirements,contains,contains,section-091-15-security-and-operational-safety->section-093-15-2-filesystem-safety-requirements:contains
section-091-15-security-and-operational-safety,section-094-15-3-secret-handling,contains,contains,section-091-15-security-and-operational-safety->section-094-15-3-secret-handling:contains
section-091-15-security-and-operational-safety,section-095-15-4-hook-script-safety,contains,contains,section-091-15-security-and-operational-safety->section-095-15-4-hook-script-safety:contains
section-091-15-security-and-operational-safety,section-096-15-5-harness-hardening-guidance,contains,contains,section-091-15-security-and-operational-safety->section-096-15-5-harness-hardening-guidance:contains
section-001-symphony-service-specification,section-097-16-reference-algorithms-language-agnostic,contains,contains,section-001-symphony-service-specification->section-097-16-reference-algorithms-language-agnostic:contains
section-097-16-reference-algorithms-language-agnostic,section-098-16-1-service-startup,contains,contains,section-097-16-reference-algorithms-language-agnostic->section-098-16-1-service-startup:contains
section-097-16-reference-algorithms-language-agnostic,section-099-16-2-poll-and-dispatch-tick,contains,contains,section-097-16-reference-algorithms-language-agnostic->section-099-16-2-poll-and-dispatch-tick:contains
section-097-16-reference-algorithms-language-agnostic,section-100-16-3-reconcile-active-runs,contains,contains,section-097-16-reference-algorithms-language-agnostic->section-100-16-3-reconcile-active-runs:contains
section-097-16-reference-algorithms-language-agnostic,section-101-16-4-dispatch-one-issue,contains,contains,section-097-16-reference-algorithms-language-agnostic->section-101-16-4-dispatch-one-issue:contains
section-097-16-reference-algorithms-language-agnostic,section-102-16-5-worker-attempt-workspace-prompt-agent,contains,contains,section-097-16-reference-algorithms-language-agnostic->section-102-16-5-worker-attempt-workspace-prompt-agent:contains
section-097-16-reference-algorithms-language-agnostic,section-103-16-6-worker-exit-and-retry-handling,contains,contains,section-097-16-reference-algorithms-language-agnostic->section-103-16-6-worker-exit-and-retry-handling:contains
section-001-symphony-service-specification,section-104-17-test-and-validation-matrix,contains,contains,section-001-symphony-service-specification->section-104-17-test-and-validation-matrix:contains
section-104-17-test-and-validation-matrix,section-105-17-1-workflow-and-config-parsing,contains,contains,section-104-17-test-and-validation-matrix->section-105-17-1-workflow-and-config-parsing:contains
section-104-17-test-and-validation-matrix,section-106-17-2-workspace-manager-and-safety,contains,contains,section-104-17-test-and-validation-matrix->section-106-17-2-workspace-manager-and-safety:contains
section-104-17-test-and-validation-matrix,section-107-17-3-issue-tracker-client,contains,contains,section-104-17-test-and-validation-matrix->section-107-17-3-issue-tracker-client:contains
section-104-17-test-and-validation-matrix,section-108-17-4-orchestrator-dispatch-reconciliation-and-retry,contains,contains,section-104-17-test-and-validation-matrix->section-108-17-4-orchestrator-dispatch-reconciliation-and-retry:contains
section-104-17-test-and-validation-matrix,section-109-17-5-coding-agent-app-server-client,contains,contains,section-104-17-test-and-validation-matrix->section-109-17-5-coding-agent-app-server-client:contains
section-104-17-test-and-validation-matrix,section-110-17-6-observability,contains,contains,section-104-17-test-and-validation-matrix->section-110-17-6-observability:contains
section-104-17-test-and-validation-matrix,section-111-17-7-cli-and-host-lifecycle,contains,contains,section-104-17-test-and-validation-matrix->section-111-17-7-cli-and-host-lifecycle:contains
section-104-17-test-and-validation-matrix,section-112-17-8-real-integration-profile-recommended,contains,contains,section-104-17-test-and-validation-matrix->section-112-17-8-real-integration-profile-recommended:contains
section-001-symphony-service-specification,section-113-18-implementation-checklist-definition-of-done,contains,contains,section-001-symphony-service-specification->section-113-18-implementation-checklist-definition-of-done:contains
section-113-18-implementation-checklist-definition-of-done,section-114-18-1-required-for-conformance,contains,contains,section-113-18-implementation-checklist-definition-of-done->section-114-18-1-required-for-conformance:contains
section-113-18-implementation-checklist-definition-of-done,section-115-18-2-recommended-extensions-not-required-for-conformance,contains,contains,section-113-18-implementation-checklist-definition-of-done->section-115-18-2-recommended-extensions-not-required-for-conformance:contains
section-113-18-implementation-checklist-definition-of-done,section-116-18-3-operational-validation-before-production-recommended,contains,contains,section-113-18-implementation-checklist-definition-of-done->section-116-18-3-operational-validation-before-production-recommended:contains
section-001-symphony-service-specification,section-117-appendix-a-ssh-worker-extension-optional,contains,contains,section-001-symphony-service-specification->section-117-appendix-a-ssh-worker-extension-optional:contains
section-117-appendix-a-ssh-worker-extension-optional,section-118-a-1-execution-model,contains,contains,section-117-appendix-a-ssh-worker-extension-optional->section-118-a-1-execution-model:contains
section-117-appendix-a-ssh-worker-extension-optional,section-119-a-2-scheduling-notes,contains,contains,section-117-appendix-a-ssh-worker-extension-optional->section-119-a-2-scheduling-notes:contains
section-117-appendix-a-ssh-worker-extension-optional,section-120-a-3-problems-to-consider,contains,contains,section-117-appendix-a-ssh-worker-extension-optional->section-120-a-3-problems-to-consider:contains
section-002-normative-language,requirement-normative-language-the-key-words-must-must-not-required-should-should-not-recommended-may-and,elaborates,elaborates,section-002-normative-language->requirement-normative-language-the-key-words-must-must-not-required-should-should-not-recommended-may-and:elaborates
section-002-normative-language,requirement-normative-language-optional-in-this-document-are-to-be-interpreted-as-described-in-rfc-2119,elaborates,elaborates,section-002-normative-language->requirement-normative-language-optional-in-this-document-are-to-be-interpreted-as-described-in-rfc-2119:elaborates
section-002-normative-language,requirement-normative-language-implementations-must-document-the-selected,elaborates,elaborates,section-002-normative-language->requirement-normative-language-implementations-must-document-the-selected:elaborates
section-003-1-problem-statement,claim-1-problem-statement-it-turns-issue-execution-into-a-repeatable-daemon-workflow-instead-of-manual-scr,elaborates,elaborates,section-003-1-problem-statement->claim-1-problem-statement-it-turns-issue-execution-into-a-repeatable-daemon-workflow-instead-of-manual-scr:elaborates
section-003-1-problem-statement,claim-1-problem-statement-it-isolates-agent-execution-in-per-issue-workspaces-so-agent-commands-run-only-i,elaborates,elaborates,section-003-1-problem-statement->claim-1-problem-statement-it-isolates-agent-execution-in-per-issue-workspaces-so-agent-commands-run-only-i:elaborates
section-003-1-problem-statement,claim-1-problem-statement-it-keeps-the-workflow-policy-in-repo-workflow-md-so-teams-version-the-agent-prom,elaborates,elaborates,section-003-1-problem-statement->claim-1-problem-statement-it-keeps-the-workflow-policy-in-repo-workflow-md-so-teams-version-the-agent-prom:elaborates
section-003-1-problem-statement,claim-1-problem-statement-it-provides-enough-observability-to-operate-and-debug-multiple-concurrent-agent-,elaborates,elaborates,section-003-1-problem-statement->claim-1-problem-statement-it-provides-enough-observability-to-operate-and-debug-multiple-concurrent-agent-:elaborates
section-003-1-problem-statement,claim-1-problem-statement-symphony-is-a-scheduler-runner-and-tracker-reader,elaborates,elaborates,section-003-1-problem-statement->claim-1-problem-statement-symphony-is-a-scheduler-runner-and-tracker-reader:elaborates
section-003-1-problem-statement,claim-1-problem-statement-ticket-writes-state-transitions-comments-pr-links-are-typically-performed-by-the,elaborates,elaborates,section-003-1-problem-statement->claim-1-problem-statement-ticket-writes-state-transitions-comments-pr-links-are-typically-performed-by-the:elaborates
section-003-1-problem-statement,claim-1-problem-statement-a-successful-run-can-end-at-a-workflow-defined-handoff-state-for-example-human-r,elaborates,elaborates,section-003-1-problem-statement->claim-1-problem-statement-a-successful-run-can-end-at-a-workflow-defined-handoff-state-for-example-human-r:elaborates
section-005-2-1-goals,goal-2-1-goals-poll-the-issue-tracker-on-a-fixed-cadence-and-dispatch-work-with-bounded-concurr,elaborates,elaborates,section-005-2-1-goals->goal-2-1-goals-poll-the-issue-tracker-on-a-fixed-cadence-and-dispatch-work-with-bounded-concurr:elaborates
section-005-2-1-goals,goal-2-1-goals-maintain-a-single-authoritative-orchestrator-state-for-dispatch-retries-and-reco,elaborates,elaborates,section-005-2-1-goals->goal-2-1-goals-maintain-a-single-authoritative-orchestrator-state-for-dispatch-retries-and-reco:elaborates
section-005-2-1-goals,goal-2-1-goals-create-deterministic-per-issue-workspaces-and-preserve-them-across-runs,elaborates,elaborates,section-005-2-1-goals->goal-2-1-goals-create-deterministic-per-issue-workspaces-and-preserve-them-across-runs:elaborates
section-005-2-1-goals,goal-2-1-goals-stop-active-runs-when-issue-state-changes-make-them-ineligible,elaborates,elaborates,section-005-2-1-goals->goal-2-1-goals-stop-active-runs-when-issue-state-changes-make-them-ineligible:elaborates
section-005-2-1-goals,goal-2-1-goals-recover-from-transient-failures-with-exponential-backoff,elaborates,elaborates,section-005-2-1-goals->goal-2-1-goals-recover-from-transient-failures-with-exponential-backoff:elaborates
section-005-2-1-goals,goal-2-1-goals-load-runtime-behavior-from-a-repository-owned-workflow-md-contract,elaborates,elaborates,section-005-2-1-goals->goal-2-1-goals-load-runtime-behavior-from-a-repository-owned-workflow-md-contract:elaborates
section-005-2-1-goals,goal-2-1-goals-expose-operator-visible-observability-at-minimum-structured-logs,elaborates,elaborates,section-005-2-1-goals->goal-2-1-goals-expose-operator-visible-observability-at-minimum-structured-logs:elaborates
section-005-2-1-goals,goal-2-1-goals-support-tracker-filesystem-driven-restart-recovery-without-requiring-a-persisten,elaborates,elaborates,section-005-2-1-goals->goal-2-1-goals-support-tracker-filesystem-driven-restart-recovery-without-requiring-a-persisten:elaborates
section-006-2-2-non-goals,non_goal-2-2-non-goals-rich-web-ui-or-multi-tenant-control-plane,elaborates,elaborates,section-006-2-2-non-goals->non_goal-2-2-non-goals-rich-web-ui-or-multi-tenant-control-plane:elaborates
section-006-2-2-non-goals,non_goal-2-2-non-goals-prescribing-a-specific-dashboard-or-terminal-ui-implementation,elaborates,elaborates,section-006-2-2-non-goals->non_goal-2-2-non-goals-prescribing-a-specific-dashboard-or-terminal-ui-implementation:elaborates
section-006-2-2-non-goals,non_goal-2-2-non-goals-general-purpose-workflow-engine-or-distributed-job-scheduler,elaborates,elaborates,section-006-2-2-non-goals->non_goal-2-2-non-goals-general-purpose-workflow-engine-or-distributed-job-scheduler:elaborates
section-006-2-2-non-goals,non_goal-2-2-non-goals-built-in-business-logic-for-how-to-edit-tickets-prs-or-comments-that-logic-lives,elaborates,elaborates,section-006-2-2-non-goals->non_goal-2-2-non-goals-built-in-business-logic-for-how-to-edit-tickets-prs-or-comments-that-logic-lives:elaborates
section-006-2-2-non-goals,non_goal-2-2-non-goals-mandating-strong-sandbox-controls-beyond-what-the-coding-agent-and-host-os-provi,elaborates,elaborates,section-006-2-2-non-goals->non_goal-2-2-non-goals-mandating-strong-sandbox-controls-beyond-what-the-coding-agent-and-host-os-provi:elaborates
section-006-2-2-non-goals,non_goal-2-2-non-goals-mandating-a-single-default-approval-sandbox-or-operator-confirmation-posture-for,elaborates,elaborates,section-006-2-2-non-goals->non_goal-2-2-non-goals-mandating-a-single-default-approval-sandbox-or-operator-confirmation-posture-for:elaborates
section-008-3-1-main-components,component-3-1-main-components-reads-workflow-md,elaborates,elaborates,section-008-3-1-main-components->component-3-1-main-components-reads-workflow-md:elaborates
section-008-3-1-main-components,component-3-1-main-components-parses-yaml-front-matter-and-prompt-body,elaborates,elaborates,section-008-3-1-main-components->component-3-1-main-components-parses-yaml-front-matter-and-prompt-body:elaborates
section-008-3-1-main-components,component-3-1-main-components-returns-config-prompttemplate,elaborates,elaborates,section-008-3-1-main-components->component-3-1-main-components-returns-config-prompttemplate:elaborates
section-008-3-1-main-components,component-3-1-main-components-exposes-typed-getters-for-workflow-config-values,elaborates,elaborates,section-008-3-1-main-components->component-3-1-main-components-exposes-typed-getters-for-workflow-config-values:elaborates
section-008-3-1-main-components,component-3-1-main-components-applies-defaults-and-environment-variable-indirection,elaborates,elaborates,section-008-3-1-main-components->component-3-1-main-components-applies-defaults-and-environment-variable-indirection:elaborates
section-008-3-1-main-components,component-3-1-main-components-performs-validation-used-by-the-orchestrator-before-dispatch,elaborates,elaborates,section-008-3-1-main-components->component-3-1-main-components-performs-validation-used-by-the-orchestrator-before-dispatch:elaborates
section-008-3-1-main-components,component-3-1-main-components-fetches-candidate-issues-in-active-states,elaborates,elaborates,section-008-3-1-main-components->component-3-1-main-components-fetches-candidate-issues-in-active-states:elaborates
section-008-3-1-main-components,component-3-1-main-components-fetches-current-states-for-specific-issue-ids-reconciliation,elaborates,elaborates,section-008-3-1-main-components->component-3-1-main-components-fetches-current-states-for-specific-issue-ids-reconciliation:elaborates
section-008-3-1-main-components,component-3-1-main-components-fetches-terminal-state-issues-during-startup-cleanup,elaborates,elaborates,section-008-3-1-main-components->component-3-1-main-components-fetches-terminal-state-issues-during-startup-cleanup:elaborates
section-008-3-1-main-components,component-3-1-main-components-normalizes-tracker-payloads-into-a-stable-issue-model,elaborates,elaborates,section-008-3-1-main-components->component-3-1-main-components-normalizes-tracker-payloads-into-a-stable-issue-model:elaborates
section-008-3-1-main-components,component-3-1-main-components-owns-the-poll-tick,elaborates,elaborates,section-008-3-1-main-components->component-3-1-main-components-owns-the-poll-tick:elaborates
section-008-3-1-main-components,component-3-1-main-components-owns-the-in-memory-runtime-state,elaborates,elaborates,section-008-3-1-main-components->component-3-1-main-components-owns-the-in-memory-runtime-state:elaborates
section-008-3-1-main-components,component-3-1-main-components-decides-which-issues-to-dispatch-retry-stop-or-release,elaborates,elaborates,section-008-3-1-main-components->component-3-1-main-components-decides-which-issues-to-dispatch-retry-stop-or-release:elaborates
section-008-3-1-main-components,component-3-1-main-components-tracks-session-metrics-and-retry-queue-state,elaborates,elaborates,section-008-3-1-main-components->component-3-1-main-components-tracks-session-metrics-and-retry-queue-state:elaborates
section-008-3-1-main-components,component-3-1-main-components-maps-issue-identifiers-to-workspace-paths,elaborates,elaborates,section-008-3-1-main-components->component-3-1-main-components-maps-issue-identifiers-to-workspace-paths:elaborates
section-008-3-1-main-components,component-3-1-main-components-ensures-per-issue-workspace-directories-exist,elaborates,elaborates,section-008-3-1-main-components->component-3-1-main-components-ensures-per-issue-workspace-directories-exist:elaborates
section-008-3-1-main-components,component-3-1-main-components-runs-workspace-lifecycle-hooks,elaborates,elaborates,section-008-3-1-main-components->component-3-1-main-components-runs-workspace-lifecycle-hooks:elaborates
section-008-3-1-main-components,component-3-1-main-components-cleans-workspaces-for-terminal-issues,elaborates,elaborates,section-008-3-1-main-components->component-3-1-main-components-cleans-workspaces-for-terminal-issues:elaborates
section-008-3-1-main-components,component-3-1-main-components-creates-workspace,elaborates,elaborates,section-008-3-1-main-components->component-3-1-main-components-creates-workspace:elaborates
section-008-3-1-main-components,component-3-1-main-components-builds-prompt-from-issue-workflow-template,elaborates,elaborates,section-008-3-1-main-components->component-3-1-main-components-builds-prompt-from-issue-workflow-template:elaborates
section-008-3-1-main-components,component-3-1-main-components-launches-the-coding-agent-app-server-client,elaborates,elaborates,section-008-3-1-main-components->component-3-1-main-components-launches-the-coding-agent-app-server-client:elaborates
section-008-3-1-main-components,component-3-1-main-components-streams-agent-updates-back-to-the-orchestrator,elaborates,elaborates,section-008-3-1-main-components->component-3-1-main-components-streams-agent-updates-back-to-the-orchestrator:elaborates
section-008-3-1-main-components,component-3-1-main-components-status-surface-optional,elaborates,elaborates,section-008-3-1-main-components->component-3-1-main-components-status-surface-optional:elaborates
section-008-3-1-main-components,component-3-1-main-components-presents-human-readable-runtime-status-for-example-terminal-output-dashboard-or-,elaborates,elaborates,section-008-3-1-main-components->component-3-1-main-components-presents-human-readable-runtime-status-for-example-terminal-output-dashboard-or-:elaborates
section-008-3-1-main-components,component-3-1-main-components-emits-structured-runtime-logs-to-one-or-more-configured-sinks,elaborates,elaborates,section-008-3-1-main-components->component-3-1-main-components-emits-structured-runtime-logs-to-one-or-more-configured-sinks:elaborates
section-009-3-2-abstraction-levels,claim-3-2-abstraction-levels-workflow-md-prompt-body,elaborates,elaborates,section-009-3-2-abstraction-levels->claim-3-2-abstraction-levels-workflow-md-prompt-body:elaborates
section-009-3-2-abstraction-levels,claim-3-2-abstraction-levels-team-specific-rules-for-ticket-handling-validation-and-handoff,elaborates,elaborates,section-009-3-2-abstraction-levels->claim-3-2-abstraction-levels-team-specific-rules-for-ticket-handling-validation-and-handoff:elaborates
section-009-3-2-abstraction-levels,claim-3-2-abstraction-levels-parses-front-matter-into-typed-runtime-settings,elaborates,elaborates,section-009-3-2-abstraction-levels->claim-3-2-abstraction-levels-parses-front-matter-into-typed-runtime-settings:elaborates
section-009-3-2-abstraction-levels,claim-3-2-abstraction-levels-handles-defaults-environment-tokens-and-path-normalization,elaborates,elaborates,section-009-3-2-abstraction-levels->claim-3-2-abstraction-levels-handles-defaults-environment-tokens-and-path-normalization:elaborates
section-009-3-2-abstraction-levels,claim-3-2-abstraction-levels-polling-loop-issue-eligibility-concurrency-retries-reconciliation,elaborates,elaborates,section-009-3-2-abstraction-levels->claim-3-2-abstraction-levels-polling-loop-issue-eligibility-concurrency-retries-reconciliation:elaborates
section-009-3-2-abstraction-levels,dependency-3-2-abstraction-levels-filesystem-lifecycle-workspace-preparation-coding-agent-protocol,elaborates,elaborates,section-009-3-2-abstraction-levels->dependency-3-2-abstraction-levels-filesystem-lifecycle-workspace-preparation-coding-agent-protocol:elaborates
section-009-3-2-abstraction-levels,dependency-3-2-abstraction-levels-api-calls-and-normalization-for-tracker-data,elaborates,elaborates,section-009-3-2-abstraction-levels->dependency-3-2-abstraction-levels-api-calls-and-normalization-for-tracker-data:elaborates
section-009-3-2-abstraction-levels,requirement-3-2-abstraction-levels-observability-layer-logs-optional-status-surface,elaborates,elaborates,section-009-3-2-abstraction-levels->requirement-3-2-abstraction-levels-observability-layer-logs-optional-status-surface:elaborates
section-009-3-2-abstraction-levels,claim-3-2-abstraction-levels-operator-visibility-into-orchestrator-and-agent-behavior,elaborates,elaborates,section-009-3-2-abstraction-levels->claim-3-2-abstraction-levels-operator-visibility-into-orchestrator-and-agent-behavior:elaborates
section-010-3-3-external-dependencies,dependency-3-3-external-dependencies-issue-tracker-api-linear-for-tracker-kind-linear-in-this-specification-version,elaborates,elaborates,section-010-3-3-external-dependencies->dependency-3-3-external-dependencies-issue-tracker-api-linear-for-tracker-kind-linear-in-this-specification-version:elaborates
section-010-3-3-external-dependencies,dependency-3-3-external-dependencies-local-filesystem-for-workspaces-and-logs,elaborates,elaborates,section-010-3-3-external-dependencies->dependency-3-3-external-dependencies-local-filesystem-for-workspaces-and-logs:elaborates
section-010-3-3-external-dependencies,dependency-3-3-external-dependencies-optional-workspace-population-tooling-for-example-git-cli-if-used,elaborates,elaborates,section-010-3-3-external-dependencies->dependency-3-3-external-dependencies-optional-workspace-population-tooling-for-example-git-cli-if-used:elaborates
section-010-3-3-external-dependencies,dependency-3-3-external-dependencies-coding-agent-executable-that-supports-the-targeted-codex-app-server-mode,elaborates,elaborates,section-010-3-3-external-dependencies->dependency-3-3-external-dependencies-coding-agent-executable-that-supports-the-targeted-codex-app-server-mode:elaborates
section-010-3-3-external-dependencies,dependency-3-3-external-dependencies-host-environment-authentication-for-the-issue-tracker-and-coding-agent,elaborates,elaborates,section-010-3-3-external-dependencies->dependency-3-3-external-dependencies-host-environment-authentication-for-the-issue-tracker-and-coding-agent:elaborates
section-013-4-1-1-issue,claim-4-1-1-issue-id-string,elaborates,elaborates,section-013-4-1-1-issue->claim-4-1-1-issue-id-string:elaborates
section-013-4-1-1-issue,claim-4-1-1-issue-stable-tracker-internal-id,elaborates,elaborates,section-013-4-1-1-issue->claim-4-1-1-issue-stable-tracker-internal-id:elaborates
section-013-4-1-1-issue,claim-4-1-1-issue-identifier-string,elaborates,elaborates,section-013-4-1-1-issue->claim-4-1-1-issue-identifier-string:elaborates
section-013-4-1-1-issue,claim-4-1-1-issue-human-readable-ticket-key-example-abc-123,elaborates,elaborates,section-013-4-1-1-issue->claim-4-1-1-issue-human-readable-ticket-key-example-abc-123:elaborates
section-013-4-1-1-issue,claim-4-1-1-issue-title-string,elaborates,elaborates,section-013-4-1-1-issue->claim-4-1-1-issue-title-string:elaborates
section-013-4-1-1-issue,claim-4-1-1-issue-description-string-or-null,elaborates,elaborates,section-013-4-1-1-issue->claim-4-1-1-issue-description-string-or-null:elaborates
section-013-4-1-1-issue,claim-4-1-1-issue-priority-integer-or-null,elaborates,elaborates,section-013-4-1-1-issue->claim-4-1-1-issue-priority-integer-or-null:elaborates
section-013-4-1-1-issue,claim-4-1-1-issue-lower-numbers-are-higher-priority-in-dispatch-sorting,elaborates,elaborates,section-013-4-1-1-issue->claim-4-1-1-issue-lower-numbers-are-higher-priority-in-dispatch-sorting:elaborates
section-013-4-1-1-issue,claim-4-1-1-issue-state-string,elaborates,elaborates,section-013-4-1-1-issue->claim-4-1-1-issue-state-string:elaborates
section-013-4-1-1-issue,claim-4-1-1-issue-current-tracker-state-name,elaborates,elaborates,section-013-4-1-1-issue->claim-4-1-1-issue-current-tracker-state-name:elaborates
section-013-4-1-1-issue,claim-4-1-1-issue-branchname-string-or-null,elaborates,elaborates,section-013-4-1-1-issue->claim-4-1-1-issue-branchname-string-or-null:elaborates
section-013-4-1-1-issue,claim-4-1-1-issue-tracker-provided-branch-metadata-if-available,elaborates,elaborates,section-013-4-1-1-issue->claim-4-1-1-issue-tracker-provided-branch-metadata-if-available:elaborates
section-013-4-1-1-issue,claim-4-1-1-issue-url-string-or-null,elaborates,elaborates,section-013-4-1-1-issue->claim-4-1-1-issue-url-string-or-null:elaborates
section-013-4-1-1-issue,claim-4-1-1-issue-labels-list-of-strings,elaborates,elaborates,section-013-4-1-1-issue->claim-4-1-1-issue-labels-list-of-strings:elaborates
section-013-4-1-1-issue,claim-4-1-1-issue-normalized-to-lowercase,elaborates,elaborates,section-013-4-1-1-issue->claim-4-1-1-issue-normalized-to-lowercase:elaborates
section-013-4-1-1-issue,claim-4-1-1-issue-blockedby-list-of-blocker-refs,elaborates,elaborates,section-013-4-1-1-issue->claim-4-1-1-issue-blockedby-list-of-blocker-refs:elaborates
section-013-4-1-1-issue,claim-4-1-1-issue-each-blocker-ref-contains,elaborates,elaborates,section-013-4-1-1-issue->claim-4-1-1-issue-each-blocker-ref-contains:elaborates
section-013-4-1-1-issue,claim-4-1-1-issue-id-string-or-null,elaborates,elaborates,section-013-4-1-1-issue->claim-4-1-1-issue-id-string-or-null:elaborates
section-013-4-1-1-issue,claim-4-1-1-issue-identifier-string-or-null,elaborates,elaborates,section-013-4-1-1-issue->claim-4-1-1-issue-identifier-string-or-null:elaborates
section-013-4-1-1-issue,claim-4-1-1-issue-state-string-or-null,elaborates,elaborates,section-013-4-1-1-issue->claim-4-1-1-issue-state-string-or-null:elaborates
section-013-4-1-1-issue,claim-4-1-1-issue-createdat-timestamp-or-null,elaborates,elaborates,section-013-4-1-1-issue->claim-4-1-1-issue-createdat-timestamp-or-null:elaborates
section-013-4-1-1-issue,claim-4-1-1-issue-updatedat-timestamp-or-null,elaborates,elaborates,section-013-4-1-1-issue->claim-4-1-1-issue-updatedat-timestamp-or-null:elaborates
section-014-4-1-2-workflow-definition,claim-4-1-2-workflow-definition-config-map,elaborates,elaborates,section-014-4-1-2-workflow-definition->claim-4-1-2-workflow-definition-config-map:elaborates
section-014-4-1-2-workflow-definition,claim-4-1-2-workflow-definition-yaml-front-matter-root-object,elaborates,elaborates,section-014-4-1-2-workflow-definition->claim-4-1-2-workflow-definition-yaml-front-matter-root-object:elaborates
section-014-4-1-2-workflow-definition,claim-4-1-2-workflow-definition-prompttemplate-string,elaborates,elaborates,section-014-4-1-2-workflow-definition->claim-4-1-2-workflow-definition-prompttemplate-string:elaborates
section-014-4-1-2-workflow-definition,claim-4-1-2-workflow-definition-markdown-body-after-front-matter-trimmed,elaborates,elaborates,section-014-4-1-2-workflow-definition->claim-4-1-2-workflow-definition-markdown-body-after-front-matter-trimmed:elaborates
section-015-4-1-3-service-config-typed-view,claim-4-1-3-service-config-typed-view-poll-interval,elaborates,elaborates,section-015-4-1-3-service-config-typed-view->claim-4-1-3-service-config-typed-view-poll-interval:elaborates
section-015-4-1-3-service-config-typed-view,claim-4-1-3-service-config-typed-view-workspace-root,elaborates,elaborates,section-015-4-1-3-service-config-typed-view->claim-4-1-3-service-config-typed-view-workspace-root:elaborates
section-015-4-1-3-service-config-typed-view,claim-4-1-3-service-config-typed-view-active-and-terminal-issue-states,elaborates,elaborates,section-015-4-1-3-service-config-typed-view->claim-4-1-3-service-config-typed-view-active-and-terminal-issue-states:elaborates
section-015-4-1-3-service-config-typed-view,claim-4-1-3-service-config-typed-view-concurrency-limits,elaborates,elaborates,section-015-4-1-3-service-config-typed-view->claim-4-1-3-service-config-typed-view-concurrency-limits:elaborates
section-015-4-1-3-service-config-typed-view,claim-4-1-3-service-config-typed-view-coding-agent-executable-args-timeouts,elaborates,elaborates,section-015-4-1-3-service-config-typed-view->claim-4-1-3-service-config-typed-view-coding-agent-executable-args-timeouts:elaborates
section-015-4-1-3-service-config-typed-view,claim-4-1-3-service-config-typed-view-workspace-hooks,elaborates,elaborates,section-015-4-1-3-service-config-typed-view->claim-4-1-3-service-config-typed-view-workspace-hooks:elaborates
section-016-4-1-4-workspace,claim-4-1-4-workspace-path-absolute-workspace-path,elaborates,elaborates,section-016-4-1-4-workspace->claim-4-1-4-workspace-path-absolute-workspace-path:elaborates
section-016-4-1-4-workspace,claim-4-1-4-workspace-workspacekey-sanitized-issue-identifier,elaborates,elaborates,section-016-4-1-4-workspace->claim-4-1-4-workspace-workspacekey-sanitized-issue-identifier:elaborates
section-016-4-1-4-workspace,claim-4-1-4-workspace-creatednow-boolean-used-to-gate-aftercreate-hook,elaborates,elaborates,section-016-4-1-4-workspace->claim-4-1-4-workspace-creatednow-boolean-used-to-gate-aftercreate-hook:elaborates
section-017-4-1-5-run-attempt,claim-4-1-5-run-attempt-issueid,elaborates,elaborates,section-017-4-1-5-run-attempt->claim-4-1-5-run-attempt-issueid:elaborates
section-017-4-1-5-run-attempt,claim-4-1-5-run-attempt-issueidentifier,elaborates,elaborates,section-017-4-1-5-run-attempt->claim-4-1-5-run-attempt-issueidentifier:elaborates
section-017-4-1-5-run-attempt,claim-4-1-5-run-attempt-attempt-integer-or-null-null-for-first-run-1-for-retries-continuation,elaborates,elaborates,section-017-4-1-5-run-attempt->claim-4-1-5-run-attempt-attempt-integer-or-null-null-for-first-run-1-for-retries-continuation:elaborates
section-017-4-1-5-run-attempt,claim-4-1-5-run-attempt-workspacepath,elaborates,elaborates,section-017-4-1-5-run-attempt->claim-4-1-5-run-attempt-workspacepath:elaborates
section-017-4-1-5-run-attempt,claim-4-1-5-run-attempt-startedat,elaborates,elaborates,section-017-4-1-5-run-attempt->claim-4-1-5-run-attempt-startedat:elaborates
section-017-4-1-5-run-attempt,claim-4-1-5-run-attempt-status,elaborates,elaborates,section-017-4-1-5-run-attempt->claim-4-1-5-run-attempt-status:elaborates
section-017-4-1-5-run-attempt,requirement-4-1-5-run-attempt-error-optional,elaborates,elaborates,section-017-4-1-5-run-attempt->requirement-4-1-5-run-attempt-error-optional:elaborates
section-018-4-1-6-live-session-agent-session-metadata,claim-4-1-6-live-session-agent-session-metadata-sessionid-string-threadid-turnid,elaborates,elaborates,section-018-4-1-6-live-session-agent-session-metadata->claim-4-1-6-live-session-agent-session-metadata-sessionid-string-threadid-turnid:elaborates
section-018-4-1-6-live-session-agent-session-metadata,claim-4-1-6-live-session-agent-session-metadata-threadid-string,elaborates,elaborates,section-018-4-1-6-live-session-agent-session-metadata->claim-4-1-6-live-session-agent-session-metadata-threadid-string:elaborates
section-018-4-1-6-live-session-agent-session-metadata,claim-4-1-6-live-session-agent-session-metadata-turnid-string,elaborates,elaborates,section-018-4-1-6-live-session-agent-session-metadata->claim-4-1-6-live-session-agent-session-metadata-turnid-string:elaborates
section-018-4-1-6-live-session-agent-session-metadata,claim-4-1-6-live-session-agent-session-metadata-codexappserverpid-string-or-null,elaborates,elaborates,section-018-4-1-6-live-session-agent-session-metadata->claim-4-1-6-live-session-agent-session-metadata-codexappserverpid-string-or-null:elaborates
section-018-4-1-6-live-session-agent-session-metadata,claim-4-1-6-live-session-agent-session-metadata-lastcodexevent-string-enum-or-null,elaborates,elaborates,section-018-4-1-6-live-session-agent-session-metadata->claim-4-1-6-live-session-agent-session-metadata-lastcodexevent-string-enum-or-null:elaborates
section-018-4-1-6-live-session-agent-session-metadata,claim-4-1-6-live-session-agent-session-metadata-lastcodextimestamp-timestamp-or-null,elaborates,elaborates,section-018-4-1-6-live-session-agent-session-metadata->claim-4-1-6-live-session-agent-session-metadata-lastcodextimestamp-timestamp-or-null:elaborates
section-018-4-1-6-live-session-agent-session-metadata,claim-4-1-6-live-session-agent-session-metadata-lastcodexmessage-summarized-payload,elaborates,elaborates,section-018-4-1-6-live-session-agent-session-metadata->claim-4-1-6-live-session-agent-session-metadata-lastcodexmessage-summarized-payload:elaborates
section-018-4-1-6-live-session-agent-session-metadata,claim-4-1-6-live-session-agent-session-metadata-codexinputtokens-integer,elaborates,elaborates,section-018-4-1-6-live-session-agent-session-metadata->claim-4-1-6-live-session-agent-session-metadata-codexinputtokens-integer:elaborates
section-018-4-1-6-live-session-agent-session-metadata,claim-4-1-6-live-session-agent-session-metadata-codexoutputtokens-integer,elaborates,elaborates,section-018-4-1-6-live-session-agent-session-metadata->claim-4-1-6-live-session-agent-session-metadata-codexoutputtokens-integer:elaborates
section-018-4-1-6-live-session-agent-session-metadata,claim-4-1-6-live-session-agent-session-metadata-codextotaltokens-integer,elaborates,elaborates,section-018-4-1-6-live-session-agent-session-metadata->claim-4-1-6-live-session-agent-session-metadata-codextotaltokens-integer:elaborates
section-018-4-1-6-live-session-agent-session-metadata,claim-4-1-6-live-session-agent-session-metadata-lastreportedinputtokens-integer,elaborates,elaborates,section-018-4-1-6-live-session-agent-session-metadata->claim-4-1-6-live-session-agent-session-metadata-lastreportedinputtokens-integer:elaborates
section-018-4-1-6-live-session-agent-session-metadata,claim-4-1-6-live-session-agent-session-metadata-lastreportedoutputtokens-integer,elaborates,elaborates,section-018-4-1-6-live-session-agent-session-metadata->claim-4-1-6-live-session-agent-session-metadata-lastreportedoutputtokens-integer:elaborates
section-018-4-1-6-live-session-agent-session-metadata,claim-4-1-6-live-session-agent-session-metadata-lastreportedtotaltokens-integer,elaborates,elaborates,section-018-4-1-6-live-session-agent-session-metadata->claim-4-1-6-live-session-agent-session-metadata-lastreportedtotaltokens-integer:elaborates
section-018-4-1-6-live-session-agent-session-metadata,claim-4-1-6-live-session-agent-session-metadata-turncount-integer,elaborates,elaborates,section-018-4-1-6-live-session-agent-session-metadata->claim-4-1-6-live-session-agent-session-metadata-turncount-integer:elaborates
section-018-4-1-6-live-session-agent-session-metadata,claim-4-1-6-live-session-agent-session-metadata-number-of-coding-agent-turns-started-within-the-current-worker-lifetime,elaborates,elaborates,section-018-4-1-6-live-session-agent-session-metadata->claim-4-1-6-live-session-agent-session-metadata-number-of-coding-agent-turns-started-within-the-current-worker-lifetime:elaborates
section-019-4-1-7-retry-entry,claim-4-1-7-retry-entry-issueid,elaborates,elaborates,section-019-4-1-7-retry-entry->claim-4-1-7-retry-entry-issueid:elaborates
section-019-4-1-7-retry-entry,claim-4-1-7-retry-entry-identifier-best-effort-human-id-for-status-surfaces-logs,elaborates,elaborates,section-019-4-1-7-retry-entry->claim-4-1-7-retry-entry-identifier-best-effort-human-id-for-status-surfaces-logs:elaborates
section-019-4-1-7-retry-entry,claim-4-1-7-retry-entry-attempt-integer-1-based-for-retry-queue,elaborates,elaborates,section-019-4-1-7-retry-entry->claim-4-1-7-retry-entry-attempt-integer-1-based-for-retry-queue:elaborates
section-019-4-1-7-retry-entry,claim-4-1-7-retry-entry-dueatms-monotonic-clock-timestamp,elaborates,elaborates,section-019-4-1-7-retry-entry->claim-4-1-7-retry-entry-dueatms-monotonic-clock-timestamp:elaborates
section-019-4-1-7-retry-entry,claim-4-1-7-retry-entry-timerhandle-runtime-specific-timer-reference,elaborates,elaborates,section-019-4-1-7-retry-entry->claim-4-1-7-retry-entry-timerhandle-runtime-specific-timer-reference:elaborates
section-019-4-1-7-retry-entry,claim-4-1-7-retry-entry-error-string-or-null,elaborates,elaborates,section-019-4-1-7-retry-entry->claim-4-1-7-retry-entry-error-string-or-null:elaborates
section-020-4-1-8-orchestrator-runtime-state,claim-4-1-8-orchestrator-runtime-state-pollintervalms-current-effective-poll-interval,elaborates,elaborates,section-020-4-1-8-orchestrator-runtime-state->claim-4-1-8-orchestrator-runtime-state-pollintervalms-current-effective-poll-interval:elaborates
section-020-4-1-8-orchestrator-runtime-state,claim-4-1-8-orchestrator-runtime-state-maxconcurrentagents-current-effective-global-concurrency-limit,elaborates,elaborates,section-020-4-1-8-orchestrator-runtime-state->claim-4-1-8-orchestrator-runtime-state-maxconcurrentagents-current-effective-global-concurrency-limit:elaborates
section-020-4-1-8-orchestrator-runtime-state,claim-4-1-8-orchestrator-runtime-state-running-map-issueid-running-entry,elaborates,elaborates,section-020-4-1-8-orchestrator-runtime-state->claim-4-1-8-orchestrator-runtime-state-running-map-issueid-running-entry:elaborates
section-020-4-1-8-orchestrator-runtime-state,claim-4-1-8-orchestrator-runtime-state-claimed-set-of-issue-ids-reserved-running-retrying,elaborates,elaborates,section-020-4-1-8-orchestrator-runtime-state->claim-4-1-8-orchestrator-runtime-state-claimed-set-of-issue-ids-reserved-running-retrying:elaborates
section-020-4-1-8-orchestrator-runtime-state,claim-4-1-8-orchestrator-runtime-state-retryattempts-map-issueid-retryentry,elaborates,elaborates,section-020-4-1-8-orchestrator-runtime-state->claim-4-1-8-orchestrator-runtime-state-retryattempts-map-issueid-retryentry:elaborates
section-020-4-1-8-orchestrator-runtime-state,claim-4-1-8-orchestrator-runtime-state-completed-set-of-issue-ids-bookkeeping-only-not-dispatch-gating,elaborates,elaborates,section-020-4-1-8-orchestrator-runtime-state->claim-4-1-8-orchestrator-runtime-state-completed-set-of-issue-ids-bookkeeping-only-not-dispatch-gating:elaborates
section-020-4-1-8-orchestrator-runtime-state,claim-4-1-8-orchestrator-runtime-state-codextotals-aggregate-tokens-runtime-seconds,elaborates,elaborates,section-020-4-1-8-orchestrator-runtime-state->claim-4-1-8-orchestrator-runtime-state-codextotals-aggregate-tokens-runtime-seconds:elaborates
section-020-4-1-8-orchestrator-runtime-state,claim-4-1-8-orchestrator-runtime-state-codexratelimits-latest-rate-limit-snapshot-from-agent-events,elaborates,elaborates,section-020-4-1-8-orchestrator-runtime-state->claim-4-1-8-orchestrator-runtime-state-codexratelimits-latest-rate-limit-snapshot-from-agent-events:elaborates
section-021-4-2-stable-identifiers-and-normalization-rules,claim-4-2-stable-identifiers-and-normalization-rules-issue-id,elaborates,elaborates,section-021-4-2-stable-identifiers-and-normalization-rules->claim-4-2-stable-identifiers-and-normalization-rules-issue-id:elaborates
section-021-4-2-stable-identifiers-and-normalization-rules,claim-4-2-stable-identifiers-and-normalization-rules-use-for-tracker-lookups-and-internal-map-keys,elaborates,elaborates,section-021-4-2-stable-identifiers-and-normalization-rules->claim-4-2-stable-identifiers-and-normalization-rules-use-for-tracker-lookups-and-internal-map-keys:elaborates
section-021-4-2-stable-identifiers-and-normalization-rules,claim-4-2-stable-identifiers-and-normalization-rules-issue-identifier,elaborates,elaborates,section-021-4-2-stable-identifiers-and-normalization-rules->claim-4-2-stable-identifiers-and-normalization-rules-issue-identifier:elaborates
section-021-4-2-stable-identifiers-and-normalization-rules,claim-4-2-stable-identifiers-and-normalization-rules-use-for-human-readable-logs-and-workspace-naming,elaborates,elaborates,section-021-4-2-stable-identifiers-and-normalization-rules->claim-4-2-stable-identifiers-and-normalization-rules-use-for-human-readable-logs-and-workspace-naming:elaborates
section-021-4-2-stable-identifiers-and-normalization-rules,claim-4-2-stable-identifiers-and-normalization-rules-workspace-key,elaborates,elaborates,section-021-4-2-stable-identifiers-and-normalization-rules->claim-4-2-stable-identifiers-and-normalization-rules-workspace-key:elaborates
section-021-4-2-stable-identifiers-and-normalization-rules,claim-4-2-stable-identifiers-and-normalization-rules-derive-from-issue-identifier-by-replacing-any-character-not-in-a-za-z0-9-with,elaborates,elaborates,section-021-4-2-stable-identifiers-and-normalization-rules->claim-4-2-stable-identifiers-and-normalization-rules-derive-from-issue-identifier-by-replacing-any-character-not-in-a-za-z0-9-with:elaborates
section-021-4-2-stable-identifiers-and-normalization-rules,claim-4-2-stable-identifiers-and-normalization-rules-use-the-sanitized-value-for-the-workspace-directory-name,elaborates,elaborates,section-021-4-2-stable-identifiers-and-normalization-rules->claim-4-2-stable-identifiers-and-normalization-rules-use-the-sanitized-value-for-the-workspace-directory-name:elaborates
section-021-4-2-stable-identifiers-and-normalization-rules,claim-4-2-stable-identifiers-and-normalization-rules-normalized-issue-state,elaborates,elaborates,section-021-4-2-stable-identifiers-and-normalization-rules->claim-4-2-stable-identifiers-and-normalization-rules-normalized-issue-state:elaborates
section-021-4-2-stable-identifiers-and-normalization-rules,claim-4-2-stable-identifiers-and-normalization-rules-compare-states-after-lowercase,elaborates,elaborates,section-021-4-2-stable-identifiers-and-normalization-rules->claim-4-2-stable-identifiers-and-normalization-rules-compare-states-after-lowercase:elaborates
section-021-4-2-stable-identifiers-and-normalization-rules,claim-4-2-stable-identifiers-and-normalization-rules-session-id,elaborates,elaborates,section-021-4-2-stable-identifiers-and-normalization-rules->claim-4-2-stable-identifiers-and-normalization-rules-session-id:elaborates
section-021-4-2-stable-identifiers-and-normalization-rules,claim-4-2-stable-identifiers-and-normalization-rules-compose-from-coding-agent-threadid-and-turnid-as-threadid-turnid,elaborates,elaborates,section-021-4-2-stable-identifiers-and-normalization-rules->claim-4-2-stable-identifiers-and-normalization-rules-compose-from-coding-agent-threadid-and-turnid-as-threadid-turnid:elaborates
section-023-5-1-file-discovery-and-path-resolution,claim-5-1-file-discovery-and-path-resolution-if-the-file-cannot-be-read-return-missingworkflowfile-error,elaborates,elaborates,section-023-5-1-file-discovery-and-path-resolution->claim-5-1-file-discovery-and-path-resolution-if-the-file-cannot-be-read-return-missingworkflowfile-error:elaborates
section-023-5-1-file-discovery-and-path-resolution,claim-5-1-file-discovery-and-path-resolution-the-workflow-file-is-expected-to-be-repository-owned-and-version-controlled,elaborates,elaborates,section-023-5-1-file-discovery-and-path-resolution->claim-5-1-file-discovery-and-path-resolution-the-workflow-file-is-expected-to-be-repository-owned-and-version-controlled:elaborates
section-024-5-2-file-format,requirement-5-2-file-format-workflow-md-is-a-markdown-file-with-optional-yaml-front-matter,elaborates,elaborates,section-024-5-2-file-format->requirement-5-2-file-format-workflow-md-is-a-markdown-file-with-optional-yaml-front-matter:elaborates
section-024-5-2-file-format,requirement-5-2-file-format-workflow-md-should-be-self-contained-enough-to-describe-and-run-different-workfl,elaborates,elaborates,section-024-5-2-file-format->requirement-5-2-file-format-workflow-md-should-be-self-contained-enough-to-describe-and-run-different-workfl:elaborates
section-024-5-2-file-format,claim-5-2-file-format-if-file-starts-with-parse-lines-until-the-next-as-yaml-front-matter,elaborates,elaborates,section-024-5-2-file-format->claim-5-2-file-format-if-file-starts-with-parse-lines-until-the-next-as-yaml-front-matter:elaborates
section-024-5-2-file-format,claim-5-2-file-format-remaining-lines-become-the-prompt-body,elaborates,elaborates,section-024-5-2-file-format->claim-5-2-file-format-remaining-lines-become-the-prompt-body:elaborates
section-024-5-2-file-format,claim-5-2-file-format-if-front-matter-is-absent-treat-the-entire-file-as-prompt-body-and-use-an-empty-,elaborates,elaborates,section-024-5-2-file-format->claim-5-2-file-format-if-front-matter-is-absent-treat-the-entire-file-as-prompt-body-and-use-an-empty-:elaborates
section-024-5-2-file-format,requirement-5-2-file-format-yaml-front-matter-must-decode-to-a-map-object-non-map-yaml-is-an-error,elaborates,elaborates,section-024-5-2-file-format->requirement-5-2-file-format-yaml-front-matter-must-decode-to-a-map-object-non-map-yaml-is-an-error:elaborates
section-024-5-2-file-format,claim-5-2-file-format-prompt-body-is-trimmed-before-use,elaborates,elaborates,section-024-5-2-file-format->claim-5-2-file-format-prompt-body-is-trimmed-before-use:elaborates
section-024-5-2-file-format,claim-5-2-file-format-config-front-matter-root-object-not-nested-under-a-config-key,elaborates,elaborates,section-024-5-2-file-format->claim-5-2-file-format-config-front-matter-root-object-not-nested-under-a-config-key:elaborates
section-024-5-2-file-format,claim-5-2-file-format-prompttemplate-trimmed-markdown-body,elaborates,elaborates,section-024-5-2-file-format->claim-5-2-file-format-prompttemplate-trimmed-markdown-body:elaborates
section-025-5-3-front-matter-schema,claim-5-3-front-matter-schema-tracker,elaborates,elaborates,section-025-5-3-front-matter-schema->claim-5-3-front-matter-schema-tracker:elaborates
section-025-5-3-front-matter-schema,claim-5-3-front-matter-schema-polling,elaborates,elaborates,section-025-5-3-front-matter-schema->claim-5-3-front-matter-schema-polling:elaborates
section-025-5-3-front-matter-schema,claim-5-3-front-matter-schema-workspace,elaborates,elaborates,section-025-5-3-front-matter-schema->claim-5-3-front-matter-schema-workspace:elaborates
section-025-5-3-front-matter-schema,claim-5-3-front-matter-schema-hooks,elaborates,elaborates,section-025-5-3-front-matter-schema->claim-5-3-front-matter-schema-hooks:elaborates
section-025-5-3-front-matter-schema,claim-5-3-front-matter-schema-agent,elaborates,elaborates,section-025-5-3-front-matter-schema->claim-5-3-front-matter-schema-agent:elaborates
section-025-5-3-front-matter-schema,claim-5-3-front-matter-schema-codex,elaborates,elaborates,section-025-5-3-front-matter-schema->claim-5-3-front-matter-schema-codex:elaborates
section-025-5-3-front-matter-schema,requirement-5-3-front-matter-schema-unknown-keys-should-be-ignored-for-forward-compatibility,elaborates,elaborates,section-025-5-3-front-matter-schema->requirement-5-3-front-matter-schema-unknown-keys-should-be-ignored-for-forward-compatibility:elaborates
section-025-5-3-front-matter-schema,requirement-5-3-front-matter-schema-the-workflow-front-matter-is-extensible-extensions-may-define-additional-top-lev,elaborates,elaborates,section-025-5-3-front-matter-schema->requirement-5-3-front-matter-schema-the-workflow-front-matter-is-extensible-extensions-may-define-additional-top-lev:elaborates
section-025-5-3-front-matter-schema,requirement-5-3-front-matter-schema-extensions-should-document-their-field-schema-defaults-validation-rules-and-whet,elaborates,elaborates,section-025-5-3-front-matter-schema->requirement-5-3-front-matter-schema-extensions-should-document-their-field-schema-defaults-validation-rules-and-whet:elaborates
section-026-5-3-1-tracker-object,claim-5-3-1-tracker-object-kind-string,elaborates,elaborates,section-026-5-3-1-tracker-object->claim-5-3-1-tracker-object-kind-string:elaborates
section-026-5-3-1-tracker-object,requirement-5-3-1-tracker-object-required-for-dispatch,elaborates,elaborates,section-026-5-3-1-tracker-object->requirement-5-3-1-tracker-object-required-for-dispatch:elaborates
section-026-5-3-1-tracker-object,claim-5-3-1-tracker-object-current-supported-value-linear,elaborates,elaborates,section-026-5-3-1-tracker-object->claim-5-3-1-tracker-object-current-supported-value-linear:elaborates
section-026-5-3-1-tracker-object,claim-5-3-1-tracker-object-endpoint-string,elaborates,elaborates,section-026-5-3-1-tracker-object->claim-5-3-1-tracker-object-endpoint-string:elaborates
section-026-5-3-1-tracker-object,dependency-5-3-1-tracker-object-default-for-tracker-kind-linear-https-api-linear-app-graphql,elaborates,elaborates,section-026-5-3-1-tracker-object->dependency-5-3-1-tracker-object-default-for-tracker-kind-linear-https-api-linear-app-graphql:elaborates
section-026-5-3-1-tracker-object,claim-5-3-1-tracker-object-apikey-string,elaborates,elaborates,section-026-5-3-1-tracker-object->claim-5-3-1-tracker-object-apikey-string:elaborates
section-026-5-3-1-tracker-object,requirement-5-3-1-tracker-object-may-be-a-literal-token-or-varname,elaborates,elaborates,section-026-5-3-1-tracker-object->requirement-5-3-1-tracker-object-may-be-a-literal-token-or-varname:elaborates
section-026-5-3-1-tracker-object,claim-5-3-1-tracker-object-canonical-environment-variable-for-tracker-kind-linear-linearapikey,elaborates,elaborates,section-026-5-3-1-tracker-object->claim-5-3-1-tracker-object-canonical-environment-variable-for-tracker-kind-linear-linearapikey:elaborates
section-026-5-3-1-tracker-object,claim-5-3-1-tracker-object-if-varname-resolves-to-an-empty-string-treat-the-key-as-missing,elaborates,elaborates,section-026-5-3-1-tracker-object->claim-5-3-1-tracker-object-if-varname-resolves-to-an-empty-string-treat-the-key-as-missing:elaborates
section-026-5-3-1-tracker-object,claim-5-3-1-tracker-object-projectslug-string,elaborates,elaborates,section-026-5-3-1-tracker-object->claim-5-3-1-tracker-object-projectslug-string:elaborates
section-026-5-3-1-tracker-object,requirement-5-3-1-tracker-object-required-for-dispatch-when-tracker-kind-linear,elaborates,elaborates,section-026-5-3-1-tracker-object->requirement-5-3-1-tracker-object-required-for-dispatch-when-tracker-kind-linear:elaborates
section-026-5-3-1-tracker-object,claim-5-3-1-tracker-object-activestates-list-of-strings,elaborates,elaborates,section-026-5-3-1-tracker-object->claim-5-3-1-tracker-object-activestates-list-of-strings:elaborates
section-026-5-3-1-tracker-object,claim-5-3-1-tracker-object-default-todo-in-progress,elaborates,elaborates,section-026-5-3-1-tracker-object->claim-5-3-1-tracker-object-default-todo-in-progress:elaborates
section-026-5-3-1-tracker-object,claim-5-3-1-tracker-object-terminalstates-list-of-strings,elaborates,elaborates,section-026-5-3-1-tracker-object->claim-5-3-1-tracker-object-terminalstates-list-of-strings:elaborates
section-026-5-3-1-tracker-object,claim-5-3-1-tracker-object-default-closed-cancelled-canceled-duplicate-done,elaborates,elaborates,section-026-5-3-1-tracker-object->claim-5-3-1-tracker-object-default-closed-cancelled-canceled-duplicate-done:elaborates
section-027-5-3-2-polling-object,claim-5-3-2-polling-object-intervalms-integer,elaborates,elaborates,section-027-5-3-2-polling-object->claim-5-3-2-polling-object-intervalms-integer:elaborates
section-027-5-3-2-polling-object,claim-5-3-2-polling-object-default-30000,elaborates,elaborates,section-027-5-3-2-polling-object->claim-5-3-2-polling-object-default-30000:elaborates
section-027-5-3-2-polling-object,requirement-5-3-2-polling-object-changes-should-be-re-applied-at-runtime-and-affect-future-tick-scheduling-withou,elaborates,elaborates,section-027-5-3-2-polling-object->requirement-5-3-2-polling-object-changes-should-be-re-applied-at-runtime-and-affect-future-tick-scheduling-withou:elaborates
section-028-5-3-3-workspace-object,claim-5-3-3-workspace-object-root-path-string-or-var,elaborates,elaborates,section-028-5-3-3-workspace-object->claim-5-3-3-workspace-object-root-path-string-or-var:elaborates
section-028-5-3-3-workspace-object,claim-5-3-3-workspace-object-default-system-temp-symphonyworkspaces,elaborates,elaborates,section-028-5-3-3-workspace-object->claim-5-3-3-workspace-object-default-system-temp-symphonyworkspaces:elaborates
section-028-5-3-3-workspace-object,claim-5-3-3-workspace-object-is-expanded,elaborates,elaborates,section-028-5-3-3-workspace-object->claim-5-3-3-workspace-object-is-expanded:elaborates
section-028-5-3-3-workspace-object,claim-5-3-3-workspace-object-relative-paths-are-resolved-relative-to-the-directory-containing-workflow-md,elaborates,elaborates,section-028-5-3-3-workspace-object->claim-5-3-3-workspace-object-relative-paths-are-resolved-relative-to-the-directory-containing-workflow-md:elaborates
section-028-5-3-3-workspace-object,claim-5-3-3-workspace-object-the-effective-workspace-root-is-normalized-to-an-absolute-path-before-use,elaborates,elaborates,section-028-5-3-3-workspace-object->claim-5-3-3-workspace-object-the-effective-workspace-root-is-normalized-to-an-absolute-path-before-use:elaborates
section-029-5-3-4-hooks-object,requirement-5-3-4-hooks-object-aftercreate-multiline-shell-script-string-optional,elaborates,elaborates,section-029-5-3-4-hooks-object->requirement-5-3-4-hooks-object-aftercreate-multiline-shell-script-string-optional:elaborates
section-029-5-3-4-hooks-object,claim-5-3-4-hooks-object-runs-only-when-a-workspace-directory-is-newly-created,elaborates,elaborates,section-029-5-3-4-hooks-object->claim-5-3-4-hooks-object-runs-only-when-a-workspace-directory-is-newly-created:elaborates
section-029-5-3-4-hooks-object,claim-5-3-4-hooks-object-failure-aborts-workspace-creation,elaborates,elaborates,section-029-5-3-4-hooks-object->claim-5-3-4-hooks-object-failure-aborts-workspace-creation:elaborates
section-029-5-3-4-hooks-object,requirement-5-3-4-hooks-object-beforerun-multiline-shell-script-string-optional,elaborates,elaborates,section-029-5-3-4-hooks-object->requirement-5-3-4-hooks-object-beforerun-multiline-shell-script-string-optional:elaborates
section-029-5-3-4-hooks-object,claim-5-3-4-hooks-object-runs-before-each-agent-attempt-after-workspace-preparation-and-before-launching-,elaborates,elaborates,section-029-5-3-4-hooks-object->claim-5-3-4-hooks-object-runs-before-each-agent-attempt-after-workspace-preparation-and-before-launching-:elaborates
section-029-5-3-4-hooks-object,claim-5-3-4-hooks-object-failure-aborts-the-current-attempt,elaborates,elaborates,section-029-5-3-4-hooks-object->claim-5-3-4-hooks-object-failure-aborts-the-current-attempt:elaborates
section-029-5-3-4-hooks-object,requirement-5-3-4-hooks-object-afterrun-multiline-shell-script-string-optional,elaborates,elaborates,section-029-5-3-4-hooks-object->requirement-5-3-4-hooks-object-afterrun-multiline-shell-script-string-optional:elaborates
section-029-5-3-4-hooks-object,claim-5-3-4-hooks-object-runs-after-each-agent-attempt-success-failure-timeout-or-cancellation-once-the-w,elaborates,elaborates,section-029-5-3-4-hooks-object->claim-5-3-4-hooks-object-runs-after-each-agent-attempt-success-failure-timeout-or-cancellation-once-the-w:elaborates
section-029-5-3-4-hooks-object,claim-5-3-4-hooks-object-failure-is-logged-but-ignored,elaborates,elaborates,section-029-5-3-4-hooks-object->claim-5-3-4-hooks-object-failure-is-logged-but-ignored:elaborates
section-029-5-3-4-hooks-object,requirement-5-3-4-hooks-object-beforeremove-multiline-shell-script-string-optional,elaborates,elaborates,section-029-5-3-4-hooks-object->requirement-5-3-4-hooks-object-beforeremove-multiline-shell-script-string-optional:elaborates
section-029-5-3-4-hooks-object,claim-5-3-4-hooks-object-runs-before-workspace-deletion-if-the-directory-exists,elaborates,elaborates,section-029-5-3-4-hooks-object->claim-5-3-4-hooks-object-runs-before-workspace-deletion-if-the-directory-exists:elaborates
section-029-5-3-4-hooks-object,claim-5-3-4-hooks-object-failure-is-logged-but-ignored-cleanup-still-proceeds,elaborates,elaborates,section-029-5-3-4-hooks-object->claim-5-3-4-hooks-object-failure-is-logged-but-ignored-cleanup-still-proceeds:elaborates
section-029-5-3-4-hooks-object,requirement-5-3-4-hooks-object-timeoutms-integer-optional,elaborates,elaborates,section-029-5-3-4-hooks-object->requirement-5-3-4-hooks-object-timeoutms-integer-optional:elaborates
section-029-5-3-4-hooks-object,claim-5-3-4-hooks-object-default-60000,elaborates,elaborates,section-029-5-3-4-hooks-object->claim-5-3-4-hooks-object-default-60000:elaborates
section-029-5-3-4-hooks-object,claim-5-3-4-hooks-object-applies-to-all-workspace-hooks,elaborates,elaborates,section-029-5-3-4-hooks-object->claim-5-3-4-hooks-object-applies-to-all-workspace-hooks:elaborates
section-029-5-3-4-hooks-object,claim-5-3-4-hooks-object-invalid-values-fail-configuration-validation,elaborates,elaborates,section-029-5-3-4-hooks-object->claim-5-3-4-hooks-object-invalid-values-fail-configuration-validation:elaborates
section-029-5-3-4-hooks-object,requirement-5-3-4-hooks-object-changes-should-be-re-applied-at-runtime-for-future-hook-executions,elaborates,elaborates,section-029-5-3-4-hooks-object->requirement-5-3-4-hooks-object-changes-should-be-re-applied-at-runtime-for-future-hook-executions:elaborates
section-030-5-3-5-agent-object,claim-5-3-5-agent-object-maxconcurrentagents-integer,elaborates,elaborates,section-030-5-3-5-agent-object->claim-5-3-5-agent-object-maxconcurrentagents-integer:elaborates
section-030-5-3-5-agent-object,claim-5-3-5-agent-object-default-10,elaborates,elaborates,section-030-5-3-5-agent-object->claim-5-3-5-agent-object-default-10:elaborates
section-030-5-3-5-agent-object,requirement-5-3-5-agent-object-changes-should-be-re-applied-at-runtime-and-affect-subsequent-dispatch-decisions,elaborates,elaborates,section-030-5-3-5-agent-object->requirement-5-3-5-agent-object-changes-should-be-re-applied-at-runtime-and-affect-subsequent-dispatch-decisions:elaborates
section-030-5-3-5-agent-object,claim-5-3-5-agent-object-maxturns-positive-integer,elaborates,elaborates,section-030-5-3-5-agent-object->claim-5-3-5-agent-object-maxturns-positive-integer:elaborates
section-030-5-3-5-agent-object,claim-5-3-5-agent-object-default-20,elaborates,elaborates,section-030-5-3-5-agent-object->claim-5-3-5-agent-object-default-20:elaborates
section-030-5-3-5-agent-object,claim-5-3-5-agent-object-limits-the-number-of-coding-agent-turns-within-one-worker-session,elaborates,elaborates,section-030-5-3-5-agent-object->claim-5-3-5-agent-object-limits-the-number-of-coding-agent-turns-within-one-worker-session:elaborates
section-030-5-3-5-agent-object,claim-5-3-5-agent-object-invalid-values-fail-configuration-validation,elaborates,elaborates,section-030-5-3-5-agent-object->claim-5-3-5-agent-object-invalid-values-fail-configuration-validation:elaborates
section-030-5-3-5-agent-object,claim-5-3-5-agent-object-maxretrybackoffms-integer,elaborates,elaborates,section-030-5-3-5-agent-object->claim-5-3-5-agent-object-maxretrybackoffms-integer:elaborates
section-030-5-3-5-agent-object,claim-5-3-5-agent-object-default-300000-5-minutes,elaborates,elaborates,section-030-5-3-5-agent-object->claim-5-3-5-agent-object-default-300000-5-minutes:elaborates
section-030-5-3-5-agent-object,requirement-5-3-5-agent-object-changes-should-be-re-applied-at-runtime-and-affect-future-retry-scheduling,elaborates,elaborates,section-030-5-3-5-agent-object->requirement-5-3-5-agent-object-changes-should-be-re-applied-at-runtime-and-affect-future-retry-scheduling:elaborates
section-030-5-3-5-agent-object,claim-5-3-5-agent-object-maxconcurrentagentsbystate-map-statename-positive-integer,elaborates,elaborates,section-030-5-3-5-agent-object->claim-5-3-5-agent-object-maxconcurrentagentsbystate-map-statename-positive-integer:elaborates
section-030-5-3-5-agent-object,claim-5-3-5-agent-object-default-empty-map,elaborates,elaborates,section-030-5-3-5-agent-object->claim-5-3-5-agent-object-default-empty-map:elaborates
section-030-5-3-5-agent-object,claim-5-3-5-agent-object-state-keys-are-normalized-lowercase-for-lookup,elaborates,elaborates,section-030-5-3-5-agent-object->claim-5-3-5-agent-object-state-keys-are-normalized-lowercase-for-lookup:elaborates
section-030-5-3-5-agent-object,claim-5-3-5-agent-object-invalid-entries-non-positive-or-non-numeric-are-ignored,elaborates,elaborates,section-030-5-3-5-agent-object->claim-5-3-5-agent-object-invalid-entries-non-positive-or-non-numeric-are-ignored:elaborates
section-031-5-3-6-codex-object,requirement-5-3-6-codex-object-implementors-should-treat-them-as-pass-through-codex-config-values-rather-than-r,elaborates,elaborates,section-031-5-3-6-codex-object->requirement-5-3-6-codex-object-implementors-should-treat-them-as-pass-through-codex-config-values-rather-than-r:elaborates
section-031-5-3-6-codex-object,requirement-5-3-6-codex-object-implementations-may-validate-these,elaborates,elaborates,section-031-5-3-6-codex-object->requirement-5-3-6-codex-object-implementations-may-validate-these:elaborates
section-031-5-3-6-codex-object,claim-5-3-6-codex-object-command-string-shell-command,elaborates,elaborates,section-031-5-3-6-codex-object->claim-5-3-6-codex-object-command-string-shell-command:elaborates
section-031-5-3-6-codex-object,claim-5-3-6-codex-object-default-codex-app-server,elaborates,elaborates,section-031-5-3-6-codex-object->claim-5-3-6-codex-object-default-codex-app-server:elaborates
section-031-5-3-6-codex-object,claim-5-3-6-codex-object-the-runtime-launches-this-command-via-bash-lc-in-the-workspace-directory,elaborates,elaborates,section-031-5-3-6-codex-object->claim-5-3-6-codex-object-the-runtime-launches-this-command-via-bash-lc-in-the-workspace-directory:elaborates
section-031-5-3-6-codex-object,requirement-5-3-6-codex-object-the-launched-process-must-speak-a-compatible-app-server-protocol-over-stdio,elaborates,elaborates,section-031-5-3-6-codex-object->requirement-5-3-6-codex-object-the-launched-process-must-speak-a-compatible-app-server-protocol-over-stdio:elaborates
section-031-5-3-6-codex-object,claim-5-3-6-codex-object-approvalpolicy-codex-askforapproval-value,elaborates,elaborates,section-031-5-3-6-codex-object->claim-5-3-6-codex-object-approvalpolicy-codex-askforapproval-value:elaborates
section-031-5-3-6-codex-object,claim-5-3-6-codex-object-default-implementation-defined,elaborates,elaborates,section-031-5-3-6-codex-object->claim-5-3-6-codex-object-default-implementation-defined:elaborates
section-031-5-3-6-codex-object,claim-5-3-6-codex-object-threadsandbox-codex-sandboxmode-value,elaborates,elaborates,section-031-5-3-6-codex-object->claim-5-3-6-codex-object-threadsandbox-codex-sandboxmode-value:elaborates
section-031-5-3-6-codex-object,claim-5-3-6-codex-object-default-implementation-defined-2,elaborates,elaborates,section-031-5-3-6-codex-object->claim-5-3-6-codex-object-default-implementation-defined-2:elaborates
section-031-5-3-6-codex-object,claim-5-3-6-codex-object-turnsandboxpolicy-codex-sandboxpolicy-value,elaborates,elaborates,section-031-5-3-6-codex-object->claim-5-3-6-codex-object-turnsandboxpolicy-codex-sandboxpolicy-value:elaborates
section-031-5-3-6-codex-object,claim-5-3-6-codex-object-default-implementation-defined-3,elaborates,elaborates,section-031-5-3-6-codex-object->claim-5-3-6-codex-object-default-implementation-defined-3:elaborates
section-031-5-3-6-codex-object,claim-5-3-6-codex-object-turntimeoutms-integer,elaborates,elaborates,section-031-5-3-6-codex-object->claim-5-3-6-codex-object-turntimeoutms-integer:elaborates
section-031-5-3-6-codex-object,claim-5-3-6-codex-object-default-3600000-1-hour,elaborates,elaborates,section-031-5-3-6-codex-object->claim-5-3-6-codex-object-default-3600000-1-hour:elaborates
section-031-5-3-6-codex-object,claim-5-3-6-codex-object-readtimeoutms-integer,elaborates,elaborates,section-031-5-3-6-codex-object->claim-5-3-6-codex-object-readtimeoutms-integer:elaborates
section-031-5-3-6-codex-object,claim-5-3-6-codex-object-default-5000,elaborates,elaborates,section-031-5-3-6-codex-object->claim-5-3-6-codex-object-default-5000:elaborates
section-031-5-3-6-codex-object,claim-5-3-6-codex-object-stalltimeoutms-integer,elaborates,elaborates,section-031-5-3-6-codex-object->claim-5-3-6-codex-object-stalltimeoutms-integer:elaborates
section-031-5-3-6-codex-object,claim-5-3-6-codex-object-default-300000-5-minutes,elaborates,elaborates,section-031-5-3-6-codex-object->claim-5-3-6-codex-object-default-300000-5-minutes:elaborates
section-031-5-3-6-codex-object,claim-5-3-6-codex-object-if-0-stall-detection-is-disabled,elaborates,elaborates,section-031-5-3-6-codex-object->claim-5-3-6-codex-object-if-0-stall-detection-is-disabled:elaborates
section-032-5-4-prompt-template-contract,claim-5-4-prompt-template-contract-use-a-strict-template-engine-liquid-compatible-semantics-are-sufficient,elaborates,elaborates,section-032-5-4-prompt-template-contract->claim-5-4-prompt-template-contract-use-a-strict-template-engine-liquid-compatible-semantics-are-sufficient:elaborates
section-032-5-4-prompt-template-contract,requirement-5-4-prompt-template-contract-unknown-variables-must-fail-rendering,elaborates,elaborates,section-032-5-4-prompt-template-contract->requirement-5-4-prompt-template-contract-unknown-variables-must-fail-rendering:elaborates
section-032-5-4-prompt-template-contract,requirement-5-4-prompt-template-contract-unknown-filters-must-fail-rendering,elaborates,elaborates,section-032-5-4-prompt-template-contract->requirement-5-4-prompt-template-contract-unknown-filters-must-fail-rendering:elaborates
section-032-5-4-prompt-template-contract,claim-5-4-prompt-template-contract-issue-object,elaborates,elaborates,section-032-5-4-prompt-template-contract->claim-5-4-prompt-template-contract-issue-object:elaborates
section-032-5-4-prompt-template-contract,claim-5-4-prompt-template-contract-includes-all-normalized-issue-fields-including-labels-and-blockers,elaborates,elaborates,section-032-5-4-prompt-template-contract->claim-5-4-prompt-template-contract-includes-all-normalized-issue-fields-including-labels-and-blockers:elaborates
section-032-5-4-prompt-template-contract,claim-5-4-prompt-template-contract-attempt-integer-or-null,elaborates,elaborates,section-032-5-4-prompt-template-contract->claim-5-4-prompt-template-contract-attempt-integer-or-null:elaborates
section-032-5-4-prompt-template-contract,claim-5-4-prompt-template-contract-null-absent-on-first-attempt,elaborates,elaborates,section-032-5-4-prompt-template-contract->claim-5-4-prompt-template-contract-null-absent-on-first-attempt:elaborates
section-032-5-4-prompt-template-contract,claim-5-4-prompt-template-contract-integer-on-retry-or-continuation-run,elaborates,elaborates,section-032-5-4-prompt-template-contract->claim-5-4-prompt-template-contract-integer-on-retry-or-continuation-run:elaborates
section-032-5-4-prompt-template-contract,requirement-5-4-prompt-template-contract-if-the-workflow-prompt-body-is-empty-the-runtime-may-use-a-minimal-default-promp,elaborates,elaborates,section-032-5-4-prompt-template-contract->requirement-5-4-prompt-template-contract-if-the-workflow-prompt-body-is-empty-the-runtime-may-use-a-minimal-default-promp:elaborates
section-032-5-4-prompt-template-contract,requirement-5-4-prompt-template-contract-workflow-file-read-parse-failures-are-configuration-validation-errors-and-should,elaborates,elaborates,section-032-5-4-prompt-template-contract->requirement-5-4-prompt-template-contract-workflow-file-read-parse-failures-are-configuration-validation-errors-and-should:elaborates
section-033-5-5-workflow-validation-and-error-surface,test-5-5-workflow-validation-and-error-surface-missingworkflowfile,elaborates,elaborates,section-033-5-5-workflow-validation-and-error-surface->test-5-5-workflow-validation-and-error-surface-missingworkflowfile:elaborates
section-033-5-5-workflow-validation-and-error-surface,test-5-5-workflow-validation-and-error-surface-workflowparseerror,elaborates,elaborates,section-033-5-5-workflow-validation-and-error-surface->test-5-5-workflow-validation-and-error-surface-workflowparseerror:elaborates
section-033-5-5-workflow-validation-and-error-surface,test-5-5-workflow-validation-and-error-surface-workflowfrontmatternotamap,elaborates,elaborates,section-033-5-5-workflow-validation-and-error-surface->test-5-5-workflow-validation-and-error-surface-workflowfrontmatternotamap:elaborates
section-033-5-5-workflow-validation-and-error-surface,test-5-5-workflow-validation-and-error-surface-templateparseerror-during-prompt-rendering,elaborates,elaborates,section-033-5-5-workflow-validation-and-error-surface->test-5-5-workflow-validation-and-error-surface-templateparseerror-during-prompt-rendering:elaborates
section-033-5-5-workflow-validation-and-error-surface,test-5-5-workflow-validation-and-error-surface-templaterendererror-unknown-variable-filter-invalid-interpolation,elaborates,elaborates,section-033-5-5-workflow-validation-and-error-surface->test-5-5-workflow-validation-and-error-surface-templaterendererror-unknown-variable-filter-invalid-interpolation:elaborates
section-033-5-5-workflow-validation-and-error-surface,test-5-5-workflow-validation-and-error-surface-workflow-file-read-yaml-errors-block-new-dispatches-until-fixed,elaborates,elaborates,section-033-5-5-workflow-validation-and-error-surface->test-5-5-workflow-validation-and-error-surface-workflow-file-read-yaml-errors-block-new-dispatches-until-fixed:elaborates
section-033-5-5-workflow-validation-and-error-surface,test-5-5-workflow-validation-and-error-surface-template-errors-fail-only-the-affected-run-attempt,elaborates,elaborates,section-033-5-5-workflow-validation-and-error-surface->test-5-5-workflow-validation-and-error-surface-template-errors-fail-only-the-affected-run-attempt:elaborates
section-035-6-1-configuration-resolution-pipeline,requirement-6-1-configuration-resolution-pipeline-apply-built-in-defaults-for-missing-optional-fields,elaborates,elaborates,section-035-6-1-configuration-resolution-pipeline->requirement-6-1-configuration-resolution-pipeline-apply-built-in-defaults-for-missing-optional-fields:elaborates
section-035-6-1-configuration-resolution-pipeline,claim-6-1-configuration-resolution-pipeline-path-command-fields-support,elaborates,elaborates,section-035-6-1-configuration-resolution-pipeline->claim-6-1-configuration-resolution-pipeline-path-command-fields-support:elaborates
section-035-6-1-configuration-resolution-pipeline,claim-6-1-configuration-resolution-pipeline-home-expansion,elaborates,elaborates,section-035-6-1-configuration-resolution-pipeline->claim-6-1-configuration-resolution-pipeline-home-expansion:elaborates
section-035-6-1-configuration-resolution-pipeline,claim-6-1-configuration-resolution-pipeline-var-expansion-for-env-backed-path-values,elaborates,elaborates,section-035-6-1-configuration-resolution-pipeline->claim-6-1-configuration-resolution-pipeline-var-expansion-for-env-backed-path-values:elaborates
section-035-6-1-configuration-resolution-pipeline,dependency-6-1-configuration-resolution-pipeline-apply-expansion-only-to-values-intended-to-be-local-filesystem-paths-do-not-rewr,elaborates,elaborates,section-035-6-1-configuration-resolution-pipeline->dependency-6-1-configuration-resolution-pipeline-apply-expansion-only-to-values-intended-to-be-local-filesystem-paths-do-not-rewr:elaborates
section-035-6-1-configuration-resolution-pipeline,claim-6-1-configuration-resolution-pipeline-relative-workspace-root-values-resolve-relative-to-the-directory-containing-the-,elaborates,elaborates,section-035-6-1-configuration-resolution-pipeline->claim-6-1-configuration-resolution-pipeline-relative-workspace-root-values-resolve-relative-to-the-directory-containing-the-:elaborates
section-036-6-2-dynamic-reload-semantics,requirement-6-2-dynamic-reload-semantics-dynamic-reload-is-required,elaborates,elaborates,section-036-6-2-dynamic-reload-semantics->requirement-6-2-dynamic-reload-semantics-dynamic-reload-is-required:elaborates
section-036-6-2-dynamic-reload-semantics,requirement-6-2-dynamic-reload-semantics-the-software-must-detect-workflow-md-changes,elaborates,elaborates,section-036-6-2-dynamic-reload-semantics->requirement-6-2-dynamic-reload-semantics-the-software-must-detect-workflow-md-changes:elaborates
section-036-6-2-dynamic-reload-semantics,requirement-6-2-dynamic-reload-semantics-on-change-it-must-re-read-and-re-apply-workflow-config-and-prompt-template-witho,elaborates,elaborates,section-036-6-2-dynamic-reload-semantics->requirement-6-2-dynamic-reload-semantics-on-change-it-must-re-read-and-re-apply-workflow-config-and-prompt-template-witho:elaborates
section-036-6-2-dynamic-reload-semantics,requirement-6-2-dynamic-reload-semantics-the-software-must-attempt-to-adjust-live-behavior-to-the-new-config-for-example-,elaborates,elaborates,section-036-6-2-dynamic-reload-semantics->requirement-6-2-dynamic-reload-semantics-the-software-must-attempt-to-adjust-live-behavior-to-the-new-config-for-example-:elaborates
section-036-6-2-dynamic-reload-semantics,claim-6-2-dynamic-reload-semantics-reloaded-config-applies-to-future-dispatch-retry-scheduling-reconciliation-decis,elaborates,elaborates,section-036-6-2-dynamic-reload-semantics->claim-6-2-dynamic-reload-semantics-reloaded-config-applies-to-future-dispatch-retry-scheduling-reconciliation-decis:elaborates
section-036-6-2-dynamic-reload-semantics,requirement-6-2-dynamic-reload-semantics-implementations-are-not-required-to-restart-in-flight-agent-sessions-automatical,elaborates,elaborates,section-036-6-2-dynamic-reload-semantics->requirement-6-2-dynamic-reload-semantics-implementations-are-not-required-to-restart-in-flight-agent-sessions-automatical:elaborates
section-036-6-2-dynamic-reload-semantics,requirement-6-2-dynamic-reload-semantics-extensions-that-manage-their-own-listeners-resources-for-example-an-http-server-,elaborates,elaborates,section-036-6-2-dynamic-reload-semantics->requirement-6-2-dynamic-reload-semantics-extensions-that-manage-their-own-listeners-resources-for-example-an-http-server-:elaborates
section-036-6-2-dynamic-reload-semantics,requirement-6-2-dynamic-reload-semantics-implementations-should-also-re-validate-reload-defensively-during-runtime-operat,elaborates,elaborates,section-036-6-2-dynamic-reload-semantics->requirement-6-2-dynamic-reload-semantics-implementations-should-also-re-validate-reload-defensively-during-runtime-operat:elaborates
section-036-6-2-dynamic-reload-semantics,requirement-6-2-dynamic-reload-semantics-invalid-reloads-must-not-crash-the-service-keep-operating-with-the-last-known-go,elaborates,elaborates,section-036-6-2-dynamic-reload-semantics->requirement-6-2-dynamic-reload-semantics-invalid-reloads-must-not-crash-the-service-keep-operating-with-the-last-known-go:elaborates
section-037-6-3-dispatch-preflight-validation,test-6-3-dispatch-preflight-validation-validate-configuration-before-starting-the-scheduling-loop,elaborates,elaborates,section-037-6-3-dispatch-preflight-validation->test-6-3-dispatch-preflight-validation-validate-configuration-before-starting-the-scheduling-loop:elaborates
section-037-6-3-dispatch-preflight-validation,test-6-3-dispatch-preflight-validation-if-startup-validation-fails-fail-startup-and-emit-an-operator-visible-error,elaborates,elaborates,section-037-6-3-dispatch-preflight-validation->test-6-3-dispatch-preflight-validation-if-startup-validation-fails-fail-startup-and-emit-an-operator-visible-error:elaborates
section-037-6-3-dispatch-preflight-validation,test-6-3-dispatch-preflight-validation-re-validate-before-each-dispatch-cycle,elaborates,elaborates,section-037-6-3-dispatch-preflight-validation->test-6-3-dispatch-preflight-validation-re-validate-before-each-dispatch-cycle:elaborates
section-037-6-3-dispatch-preflight-validation,test-6-3-dispatch-preflight-validation-if-validation-fails-skip-dispatch-for-that-tick-keep-reconciliation-active-and-e,elaborates,elaborates,section-037-6-3-dispatch-preflight-validation->test-6-3-dispatch-preflight-validation-if-validation-fails-skip-dispatch-for-that-tick-keep-reconciliation-active-and-e:elaborates
section-037-6-3-dispatch-preflight-validation,test-6-3-dispatch-preflight-validation-workflow-file-can-be-loaded-and-parsed,elaborates,elaborates,section-037-6-3-dispatch-preflight-validation->test-6-3-dispatch-preflight-validation-workflow-file-can-be-loaded-and-parsed:elaborates
section-037-6-3-dispatch-preflight-validation,test-6-3-dispatch-preflight-validation-tracker-kind-is-present-and-supported,elaborates,elaborates,section-037-6-3-dispatch-preflight-validation->test-6-3-dispatch-preflight-validation-tracker-kind-is-present-and-supported:elaborates
section-037-6-3-dispatch-preflight-validation,test-6-3-dispatch-preflight-validation-tracker-apikey-is-present-after-resolution,elaborates,elaborates,section-037-6-3-dispatch-preflight-validation->test-6-3-dispatch-preflight-validation-tracker-apikey-is-present-after-resolution:elaborates
section-037-6-3-dispatch-preflight-validation,test-6-3-dispatch-preflight-validation-tracker-projectslug-is-present-when-required-by-the-selected-tracker-kind,elaborates,elaborates,section-037-6-3-dispatch-preflight-validation->test-6-3-dispatch-preflight-validation-tracker-projectslug-is-present-when-required-by-the-selected-tracker-kind:elaborates
section-037-6-3-dispatch-preflight-validation,test-6-3-dispatch-preflight-validation-codex-command-is-present-and-non-empty,elaborates,elaborates,section-037-6-3-dispatch-preflight-validation->test-6-3-dispatch-preflight-validation-codex-command-is-present-and-non-empty:elaborates
section-038-6-4-core-config-fields-summary-cheat-sheet,requirement-6-4-core-config-fields-summary-cheat-sheet-tracker-kind-string-required-currently-linear,elaborates,elaborates,section-038-6-4-core-config-fields-summary-cheat-sheet->requirement-6-4-core-config-fields-summary-cheat-sheet-tracker-kind-string-required-currently-linear:elaborates
section-038-6-4-core-config-fields-summary-cheat-sheet,dependency-6-4-core-config-fields-summary-cheat-sheet-tracker-endpoint-string-default-https-api-linear-app-graphql-when-tracker-kind-l,elaborates,elaborates,section-038-6-4-core-config-fields-summary-cheat-sheet->dependency-6-4-core-config-fields-summary-cheat-sheet-tracker-endpoint-string-default-https-api-linear-app-graphql-when-tracker-kind-l:elaborates
section-038-6-4-core-config-fields-summary-cheat-sheet,claim-6-4-core-config-fields-summary-cheat-sheet-tracker-apikey-string-or-var-canonical-env-linearapikey-when-tracker-kind-linear,elaborates,elaborates,section-038-6-4-core-config-fields-summary-cheat-sheet->claim-6-4-core-config-fields-summary-cheat-sheet-tracker-apikey-string-or-var-canonical-env-linearapikey-when-tracker-kind-linear:elaborates
section-038-6-4-core-config-fields-summary-cheat-sheet,requirement-6-4-core-config-fields-summary-cheat-sheet-tracker-projectslug-string-required-when-tracker-kind-linear,elaborates,elaborates,section-038-6-4-core-config-fields-summary-cheat-sheet->requirement-6-4-core-config-fields-summary-cheat-sheet-tracker-projectslug-string-required-when-tracker-kind-linear:elaborates
section-038-6-4-core-config-fields-summary-cheat-sheet,claim-6-4-core-config-fields-summary-cheat-sheet-tracker-activestates-list-of-strings-default-todo-in-progress,elaborates,elaborates,section-038-6-4-core-config-fields-summary-cheat-sheet->claim-6-4-core-config-fields-summary-cheat-sheet-tracker-activestates-list-of-strings-default-todo-in-progress:elaborates
section-038-6-4-core-config-fields-summary-cheat-sheet,claim-6-4-core-config-fields-summary-cheat-sheet-tracker-terminalstates-list-of-strings-default-closed-cancelled-canceled,elaborates,elaborates,section-038-6-4-core-config-fields-summary-cheat-sheet->claim-6-4-core-config-fields-summary-cheat-sheet-tracker-terminalstates-list-of-strings-default-closed-cancelled-canceled:elaborates
section-038-6-4-core-config-fields-summary-cheat-sheet,claim-6-4-core-config-fields-summary-cheat-sheet-polling-intervalms-integer-default-30000,elaborates,elaborates,section-038-6-4-core-config-fields-summary-cheat-sheet->claim-6-4-core-config-fields-summary-cheat-sheet-polling-intervalms-integer-default-30000:elaborates
section-038-6-4-core-config-fields-summary-cheat-sheet,claim-6-4-core-config-fields-summary-cheat-sheet-workspace-root-path-resolved-to-absolute-default-system-temp-symphonyworkspaces,elaborates,elaborates,section-038-6-4-core-config-fields-summary-cheat-sheet->claim-6-4-core-config-fields-summary-cheat-sheet-workspace-root-path-resolved-to-absolute-default-system-temp-symphonyworkspaces:elaborates
section-038-6-4-core-config-fields-summary-cheat-sheet,claim-6-4-core-config-fields-summary-cheat-sheet-hooks-aftercreate-shell-script-or-null,elaborates,elaborates,section-038-6-4-core-config-fields-summary-cheat-sheet->claim-6-4-core-config-fields-summary-cheat-sheet-hooks-aftercreate-shell-script-or-null:elaborates
section-038-6-4-core-config-fields-summary-cheat-sheet,claim-6-4-core-config-fields-summary-cheat-sheet-hooks-beforerun-shell-script-or-null,elaborates,elaborates,section-038-6-4-core-config-fields-summary-cheat-sheet->claim-6-4-core-config-fields-summary-cheat-sheet-hooks-beforerun-shell-script-or-null:elaborates
section-038-6-4-core-config-fields-summary-cheat-sheet,claim-6-4-core-config-fields-summary-cheat-sheet-hooks-afterrun-shell-script-or-null,elaborates,elaborates,section-038-6-4-core-config-fields-summary-cheat-sheet->claim-6-4-core-config-fields-summary-cheat-sheet-hooks-afterrun-shell-script-or-null:elaborates
section-038-6-4-core-config-fields-summary-cheat-sheet,claim-6-4-core-config-fields-summary-cheat-sheet-hooks-beforeremove-shell-script-or-null,elaborates,elaborates,section-038-6-4-core-config-fields-summary-cheat-sheet->claim-6-4-core-config-fields-summary-cheat-sheet-hooks-beforeremove-shell-script-or-null:elaborates
section-038-6-4-core-config-fields-summary-cheat-sheet,claim-6-4-core-config-fields-summary-cheat-sheet-hooks-timeoutms-integer-default-60000,elaborates,elaborates,section-038-6-4-core-config-fields-summary-cheat-sheet->claim-6-4-core-config-fields-summary-cheat-sheet-hooks-timeoutms-integer-default-60000:elaborates
section-038-6-4-core-config-fields-summary-cheat-sheet,claim-6-4-core-config-fields-summary-cheat-sheet-agent-maxconcurrentagents-integer-default-10,elaborates,elaborates,section-038-6-4-core-config-fields-summary-cheat-sheet->claim-6-4-core-config-fields-summary-cheat-sheet-agent-maxconcurrentagents-integer-default-10:elaborates
section-038-6-4-core-config-fields-summary-cheat-sheet,claim-6-4-core-config-fields-summary-cheat-sheet-agent-maxturns-integer-default-20,elaborates,elaborates,section-038-6-4-core-config-fields-summary-cheat-sheet->claim-6-4-core-config-fields-summary-cheat-sheet-agent-maxturns-integer-default-20:elaborates
section-038-6-4-core-config-fields-summary-cheat-sheet,claim-6-4-core-config-fields-summary-cheat-sheet-agent-maxretrybackoffms-integer-default-300000-5m,elaborates,elaborates,section-038-6-4-core-config-fields-summary-cheat-sheet->claim-6-4-core-config-fields-summary-cheat-sheet-agent-maxretrybackoffms-integer-default-300000-5m:elaborates
section-038-6-4-core-config-fields-summary-cheat-sheet,claim-6-4-core-config-fields-summary-cheat-sheet-agent-maxconcurrentagentsbystate-map-of-positive-integers-default,elaborates,elaborates,section-038-6-4-core-config-fields-summary-cheat-sheet->claim-6-4-core-config-fields-summary-cheat-sheet-agent-maxconcurrentagentsbystate-map-of-positive-integers-default:elaborates
section-038-6-4-core-config-fields-summary-cheat-sheet,claim-6-4-core-config-fields-summary-cheat-sheet-codex-command-shell-command-string-default-codex-app-server,elaborates,elaborates,section-038-6-4-core-config-fields-summary-cheat-sheet->claim-6-4-core-config-fields-summary-cheat-sheet-codex-command-shell-command-string-default-codex-app-server:elaborates
section-038-6-4-core-config-fields-summary-cheat-sheet,claim-6-4-core-config-fields-summary-cheat-sheet-codex-approvalpolicy-codex-askforapproval-value-default-implementation-defined,elaborates,elaborates,section-038-6-4-core-config-fields-summary-cheat-sheet->claim-6-4-core-config-fields-summary-cheat-sheet-codex-approvalpolicy-codex-askforapproval-value-default-implementation-defined:elaborates
section-038-6-4-core-config-fields-summary-cheat-sheet,claim-6-4-core-config-fields-summary-cheat-sheet-codex-threadsandbox-codex-sandboxmode-value-default-implementation-defined,elaborates,elaborates,section-038-6-4-core-config-fields-summary-cheat-sheet->claim-6-4-core-config-fields-summary-cheat-sheet-codex-threadsandbox-codex-sandboxmode-value-default-implementation-defined:elaborates
section-038-6-4-core-config-fields-summary-cheat-sheet,claim-6-4-core-config-fields-summary-cheat-sheet-codex-turnsandboxpolicy-codex-sandboxpolicy-value-default-implementation-defined,elaborates,elaborates,section-038-6-4-core-config-fields-summary-cheat-sheet->claim-6-4-core-config-fields-summary-cheat-sheet-codex-turnsandboxpolicy-codex-sandboxpolicy-value-default-implementation-defined:elaborates
section-038-6-4-core-config-fields-summary-cheat-sheet,claim-6-4-core-config-fields-summary-cheat-sheet-codex-turntimeoutms-integer-default-3600000,elaborates,elaborates,section-038-6-4-core-config-fields-summary-cheat-sheet->claim-6-4-core-config-fields-summary-cheat-sheet-codex-turntimeoutms-integer-default-3600000:elaborates
section-038-6-4-core-config-fields-summary-cheat-sheet,claim-6-4-core-config-fields-summary-cheat-sheet-codex-readtimeoutms-integer-default-5000,elaborates,elaborates,section-038-6-4-core-config-fields-summary-cheat-sheet->claim-6-4-core-config-fields-summary-cheat-sheet-codex-readtimeoutms-integer-default-5000:elaborates
section-038-6-4-core-config-fields-summary-cheat-sheet,claim-6-4-core-config-fields-summary-cheat-sheet-codex-stalltimeoutms-integer-default-300000,elaborates,elaborates,section-038-6-4-core-config-fields-summary-cheat-sheet->claim-6-4-core-config-fields-summary-cheat-sheet-codex-stalltimeoutms-integer-default-300000:elaborates
section-040-7-1-issue-orchestration-states,claim-7-1-issue-orchestration-states-issue-is-not-running-and-has-no-retry-scheduled,elaborates,elaborates,section-040-7-1-issue-orchestration-states->claim-7-1-issue-orchestration-states-issue-is-not-running-and-has-no-retry-scheduled:elaborates
section-040-7-1-issue-orchestration-states,claim-7-1-issue-orchestration-states-orchestrator-has-reserved-the-issue-to-prevent-duplicate-dispatch,elaborates,elaborates,section-040-7-1-issue-orchestration-states->claim-7-1-issue-orchestration-states-orchestrator-has-reserved-the-issue-to-prevent-duplicate-dispatch:elaborates
section-040-7-1-issue-orchestration-states,claim-7-1-issue-orchestration-states-in-practice-claimed-issues-are-either-running-or-retryqueued,elaborates,elaborates,section-040-7-1-issue-orchestration-states->claim-7-1-issue-orchestration-states-in-practice-claimed-issues-are-either-running-or-retryqueued:elaborates
section-040-7-1-issue-orchestration-states,claim-7-1-issue-orchestration-states-worker-task-exists-and-the-issue-is-tracked-in-running-map,elaborates,elaborates,section-040-7-1-issue-orchestration-states->claim-7-1-issue-orchestration-states-worker-task-exists-and-the-issue-is-tracked-in-running-map:elaborates
section-040-7-1-issue-orchestration-states,claim-7-1-issue-orchestration-states-worker-is-not-running-but-a-retry-timer-exists-in-retryattempts,elaborates,elaborates,section-040-7-1-issue-orchestration-states->claim-7-1-issue-orchestration-states-worker-is-not-running-but-a-retry-timer-exists-in-retryattempts:elaborates
section-040-7-1-issue-orchestration-states,claim-7-1-issue-orchestration-states-claim-removed-because-issue-is-terminal-non-active-missing-or-retry-path-complet,elaborates,elaborates,section-040-7-1-issue-orchestration-states->claim-7-1-issue-orchestration-states-claim-removed-because-issue-is-terminal-non-active-missing-or-retry-path-complet:elaborates
section-040-7-1-issue-orchestration-states,claim-7-1-issue-orchestration-states-a-successful-worker-exit-does-not-mean-the-issue-is-done-forever,elaborates,elaborates,section-040-7-1-issue-orchestration-states->claim-7-1-issue-orchestration-states-a-successful-worker-exit-does-not-mean-the-issue-is-done-forever:elaborates
section-040-7-1-issue-orchestration-states,requirement-7-1-issue-orchestration-states-the-worker-may-continue-through-multiple-back-to-back-coding-agent-turns-before-,elaborates,elaborates,section-040-7-1-issue-orchestration-states->requirement-7-1-issue-orchestration-states-the-worker-may-continue-through-multiple-back-to-back-coding-agent-turns-before-:elaborates
section-040-7-1-issue-orchestration-states,claim-7-1-issue-orchestration-states-after-each-normal-turn-completion-the-worker-re-checks-the-tracker-issue-state,elaborates,elaborates,section-040-7-1-issue-orchestration-states->claim-7-1-issue-orchestration-states-after-each-normal-turn-completion-the-worker-re-checks-the-tracker-issue-state:elaborates
section-040-7-1-issue-orchestration-states,requirement-7-1-issue-orchestration-states-if-the-issue-is-still-in-an-active-state-the-worker-should-start-another-turn-on,elaborates,elaborates,section-040-7-1-issue-orchestration-states->requirement-7-1-issue-orchestration-states-if-the-issue-is-still-in-an-active-state-the-worker-should-start-another-turn-on:elaborates
section-040-7-1-issue-orchestration-states,requirement-7-1-issue-orchestration-states-the-first-turn-should-use-the-full-rendered-task-prompt,elaborates,elaborates,section-040-7-1-issue-orchestration-states->requirement-7-1-issue-orchestration-states-the-first-turn-should-use-the-full-rendered-task-prompt:elaborates
section-040-7-1-issue-orchestration-states,requirement-7-1-issue-orchestration-states-continuation-turns-should-send-only-continuation-guidance-to-the-existing-thread,elaborates,elaborates,section-040-7-1-issue-orchestration-states->requirement-7-1-issue-orchestration-states-continuation-turns-should-send-only-continuation-guidance-to-the-existing-thread:elaborates
section-040-7-1-issue-orchestration-states,test-7-1-issue-orchestration-states-once-the-worker-exits-normally-the-orchestrator-still-schedules-a-short-continua,elaborates,elaborates,section-040-7-1-issue-orchestration-states->test-7-1-issue-orchestration-states-once-the-worker-exits-normally-the-orchestrator-still-schedules-a-short-continua:elaborates
section-042-7-3-transition-triggers,claim-7-3-transition-triggers-poll-tick,elaborates,elaborates,section-042-7-3-transition-triggers->claim-7-3-transition-triggers-poll-tick:elaborates
section-042-7-3-transition-triggers,claim-7-3-transition-triggers-reconcile-active-runs,elaborates,elaborates,section-042-7-3-transition-triggers->claim-7-3-transition-triggers-reconcile-active-runs:elaborates
section-042-7-3-transition-triggers,test-7-3-transition-triggers-validate-config,elaborates,elaborates,section-042-7-3-transition-triggers->test-7-3-transition-triggers-validate-config:elaborates
section-042-7-3-transition-triggers,claim-7-3-transition-triggers-fetch-candidate-issues,elaborates,elaborates,section-042-7-3-transition-triggers->claim-7-3-transition-triggers-fetch-candidate-issues:elaborates
section-042-7-3-transition-triggers,claim-7-3-transition-triggers-dispatch-until-slots-are-exhausted,elaborates,elaborates,section-042-7-3-transition-triggers->claim-7-3-transition-triggers-dispatch-until-slots-are-exhausted:elaborates
section-042-7-3-transition-triggers,claim-7-3-transition-triggers-worker-exit-normal,elaborates,elaborates,section-042-7-3-transition-triggers->claim-7-3-transition-triggers-worker-exit-normal:elaborates
section-042-7-3-transition-triggers,claim-7-3-transition-triggers-remove-running-entry,elaborates,elaborates,section-042-7-3-transition-triggers->claim-7-3-transition-triggers-remove-running-entry:elaborates
section-042-7-3-transition-triggers,claim-7-3-transition-triggers-update-aggregate-runtime-totals,elaborates,elaborates,section-042-7-3-transition-triggers->claim-7-3-transition-triggers-update-aggregate-runtime-totals:elaborates
section-042-7-3-transition-triggers,claim-7-3-transition-triggers-schedule-continuation-retry-attempt-1-after-the-worker-exhausts-or-finishes-its-,elaborates,elaborates,section-042-7-3-transition-triggers->claim-7-3-transition-triggers-schedule-continuation-retry-attempt-1-after-the-worker-exhausts-or-finishes-its-:elaborates
section-042-7-3-transition-triggers,claim-7-3-transition-triggers-worker-exit-abnormal,elaborates,elaborates,section-042-7-3-transition-triggers->claim-7-3-transition-triggers-worker-exit-abnormal:elaborates
section-042-7-3-transition-triggers,claim-7-3-transition-triggers-remove-running-entry-2,elaborates,elaborates,section-042-7-3-transition-triggers->claim-7-3-transition-triggers-remove-running-entry-2:elaborates
section-042-7-3-transition-triggers,claim-7-3-transition-triggers-update-aggregate-runtime-totals-2,elaborates,elaborates,section-042-7-3-transition-triggers->claim-7-3-transition-triggers-update-aggregate-runtime-totals-2:elaborates
section-042-7-3-transition-triggers,claim-7-3-transition-triggers-schedule-exponential-backoff-retry,elaborates,elaborates,section-042-7-3-transition-triggers->claim-7-3-transition-triggers-schedule-exponential-backoff-retry:elaborates
section-042-7-3-transition-triggers,claim-7-3-transition-triggers-codex-update-event,elaborates,elaborates,section-042-7-3-transition-triggers->claim-7-3-transition-triggers-codex-update-event:elaborates
section-042-7-3-transition-triggers,claim-7-3-transition-triggers-update-live-session-fields-token-counters-and-rate-limits,elaborates,elaborates,section-042-7-3-transition-triggers->claim-7-3-transition-triggers-update-live-session-fields-token-counters-and-rate-limits:elaborates
section-042-7-3-transition-triggers,claim-7-3-transition-triggers-retry-timer-fired,elaborates,elaborates,section-042-7-3-transition-triggers->claim-7-3-transition-triggers-retry-timer-fired:elaborates
section-042-7-3-transition-triggers,claim-7-3-transition-triggers-re-fetch-active-candidates-and-attempt-re-dispatch-or-release-claim-if-no-longer,elaborates,elaborates,section-042-7-3-transition-triggers->claim-7-3-transition-triggers-re-fetch-active-candidates-and-attempt-re-dispatch-or-release-claim-if-no-longer:elaborates
section-042-7-3-transition-triggers,claim-7-3-transition-triggers-reconciliation-state-refresh,elaborates,elaborates,section-042-7-3-transition-triggers->claim-7-3-transition-triggers-reconciliation-state-refresh:elaborates
section-042-7-3-transition-triggers,claim-7-3-transition-triggers-stop-runs-whose-issue-states-are-terminal-or-no-longer-active,elaborates,elaborates,section-042-7-3-transition-triggers->claim-7-3-transition-triggers-stop-runs-whose-issue-states-are-terminal-or-no-longer-active:elaborates
section-042-7-3-transition-triggers,claim-7-3-transition-triggers-stall-timeout,elaborates,elaborates,section-042-7-3-transition-triggers->claim-7-3-transition-triggers-stall-timeout:elaborates
section-042-7-3-transition-triggers,claim-7-3-transition-triggers-kill-worker-and-schedule-retry,elaborates,elaborates,section-042-7-3-transition-triggers->claim-7-3-transition-triggers-kill-worker-and-schedule-retry:elaborates
section-043-7-4-idempotency-and-recovery-rules,risk-7-4-idempotency-and-recovery-rules-the-orchestrator-serializes-state-mutations-through-one-authority-to-avoid-dupli,elaborates,elaborates,section-043-7-4-idempotency-and-recovery-rules->risk-7-4-idempotency-and-recovery-rules-the-orchestrator-serializes-state-mutations-through-one-authority-to-avoid-dupli:elaborates
section-043-7-4-idempotency-and-recovery-rules,risk-7-4-idempotency-and-recovery-rules-claimed-and-running-checks-are-required-before-launching-any-worker,elaborates,elaborates,section-043-7-4-idempotency-and-recovery-rules->risk-7-4-idempotency-and-recovery-rules-claimed-and-running-checks-are-required-before-launching-any-worker:elaborates
section-043-7-4-idempotency-and-recovery-rules,risk-7-4-idempotency-and-recovery-rules-reconciliation-runs-before-dispatch-on-every-tick,elaborates,elaborates,section-043-7-4-idempotency-and-recovery-rules->risk-7-4-idempotency-and-recovery-rules-reconciliation-runs-before-dispatch-on-every-tick:elaborates
section-043-7-4-idempotency-and-recovery-rules,risk-7-4-idempotency-and-recovery-rules-restart-recovery-is-tracker-driven-and-filesystem-driven-without-a-durable-orche,elaborates,elaborates,section-043-7-4-idempotency-and-recovery-rules->risk-7-4-idempotency-and-recovery-rules-restart-recovery-is-tracker-driven-and-filesystem-driven-without-a-durable-orche:elaborates
section-043-7-4-idempotency-and-recovery-rules,risk-7-4-idempotency-and-recovery-rules-startup-terminal-cleanup-removes-stale-workspaces-for-issues-already-in-terminal,elaborates,elaborates,section-043-7-4-idempotency-and-recovery-rules->risk-7-4-idempotency-and-recovery-rules-startup-terminal-cleanup-removes-stale-workspaces-for-issues-already-in-terminal:elaborates
section-045-8-1-poll-loop,requirement-8-1-poll-loop-the-effective-poll-interval-should-be-updated-when-workflow-config-changes-are-r,elaborates,elaborates,section-045-8-1-poll-loop->requirement-8-1-poll-loop-the-effective-poll-interval-should-be-updated-when-workflow-config-changes-are-r:elaborates
section-046-8-2-candidate-selection-rules,claim-8-2-candidate-selection-rules-it-has-id-identifier-title-and-state,elaborates,elaborates,section-046-8-2-candidate-selection-rules->claim-8-2-candidate-selection-rules-it-has-id-identifier-title-and-state:elaborates
section-046-8-2-candidate-selection-rules,claim-8-2-candidate-selection-rules-its-state-is-in-activestates-and-not-in-terminalstates,elaborates,elaborates,section-046-8-2-candidate-selection-rules->claim-8-2-candidate-selection-rules-its-state-is-in-activestates-and-not-in-terminalstates:elaborates
section-046-8-2-candidate-selection-rules,claim-8-2-candidate-selection-rules-it-is-not-already-in-running,elaborates,elaborates,section-046-8-2-candidate-selection-rules->claim-8-2-candidate-selection-rules-it-is-not-already-in-running:elaborates
section-046-8-2-candidate-selection-rules,claim-8-2-candidate-selection-rules-it-is-not-already-in-claimed,elaborates,elaborates,section-046-8-2-candidate-selection-rules->claim-8-2-candidate-selection-rules-it-is-not-already-in-claimed:elaborates
section-046-8-2-candidate-selection-rules,claim-8-2-candidate-selection-rules-global-concurrency-slots-are-available,elaborates,elaborates,section-046-8-2-candidate-selection-rules->claim-8-2-candidate-selection-rules-global-concurrency-slots-are-available:elaborates
section-046-8-2-candidate-selection-rules,claim-8-2-candidate-selection-rules-per-state-concurrency-slots-are-available,elaborates,elaborates,section-046-8-2-candidate-selection-rules->claim-8-2-candidate-selection-rules-per-state-concurrency-slots-are-available:elaborates
section-046-8-2-candidate-selection-rules,claim-8-2-candidate-selection-rules-blocker-rule-for-todo-state-passes,elaborates,elaborates,section-046-8-2-candidate-selection-rules->claim-8-2-candidate-selection-rules-blocker-rule-for-todo-state-passes:elaborates
section-046-8-2-candidate-selection-rules,claim-8-2-candidate-selection-rules-if-the-issue-state-is-todo-do-not-dispatch-when-any-blocker-is-non-terminal,elaborates,elaborates,section-046-8-2-candidate-selection-rules->claim-8-2-candidate-selection-rules-if-the-issue-state-is-todo-do-not-dispatch-when-any-blocker-is-non-terminal:elaborates
section-047-8-3-concurrency-control,claim-8-3-concurrency-control-availableslots-max-maxconcurrentagents-runningcount-0,elaborates,elaborates,section-047-8-3-concurrency-control->claim-8-3-concurrency-control-availableslots-max-maxconcurrentagents-runningcount-0:elaborates
section-047-8-3-concurrency-control,claim-8-3-concurrency-control-maxconcurrentagentsbystate-state-if-present-state-key-normalized,elaborates,elaborates,section-047-8-3-concurrency-control->claim-8-3-concurrency-control-maxconcurrentagentsbystate-state-if-present-state-key-normalized:elaborates
section-047-8-3-concurrency-control,claim-8-3-concurrency-control-otherwise-fallback-to-global-limit,elaborates,elaborates,section-047-8-3-concurrency-control->claim-8-3-concurrency-control-otherwise-fallback-to-global-limit:elaborates
section-048-8-4-retry-and-backoff,claim-8-4-retry-and-backoff-cancel-any-existing-retry-timer-for-the-same-issue,elaborates,elaborates,section-048-8-4-retry-and-backoff->claim-8-4-retry-and-backoff-cancel-any-existing-retry-timer-for-the-same-issue:elaborates
section-048-8-4-retry-and-backoff,claim-8-4-retry-and-backoff-store-attempt-identifier-error-dueatms-and-new-timer-handle,elaborates,elaborates,section-048-8-4-retry-and-backoff->claim-8-4-retry-and-backoff-store-attempt-identifier-error-dueatms-and-new-timer-handle:elaborates
section-048-8-4-retry-and-backoff,claim-8-4-retry-and-backoff-normal-continuation-retries-after-a-clean-worker-exit-use-a-short-fixed-delay-of,elaborates,elaborates,section-048-8-4-retry-and-backoff->claim-8-4-retry-and-backoff-normal-continuation-retries-after-a-clean-worker-exit-use-a-short-fixed-delay-of:elaborates
section-048-8-4-retry-and-backoff,claim-8-4-retry-and-backoff-failure-driven-retries-use-delay-min-10000-2-attempt-1-agent-maxretrybackoffms,elaborates,elaborates,section-048-8-4-retry-and-backoff->claim-8-4-retry-and-backoff-failure-driven-retries-use-delay-min-10000-2-attempt-1-agent-maxretrybackoffms:elaborates
section-048-8-4-retry-and-backoff,claim-8-4-retry-and-backoff-power-is-capped-by-the-configured-max-retry-backoff-default-300000-5m,elaborates,elaborates,section-048-8-4-retry-and-backoff->claim-8-4-retry-and-backoff-power-is-capped-by-the-configured-max-retry-backoff-default-300000-5m:elaborates
section-048-8-4-retry-and-backoff,claim-8-4-retry-and-backoff-dispatch-if-slots-are-available,elaborates,elaborates,section-048-8-4-retry-and-backoff->claim-8-4-retry-and-backoff-dispatch-if-slots-are-available:elaborates
section-048-8-4-retry-and-backoff,claim-8-4-retry-and-backoff-otherwise-requeue-with-error-no-available-orchestrator-slots,elaborates,elaborates,section-048-8-4-retry-and-backoff->claim-8-4-retry-and-backoff-otherwise-requeue-with-error-no-available-orchestrator-slots:elaborates
section-048-8-4-retry-and-backoff,claim-8-4-retry-and-backoff-terminal-state-workspace-cleanup-is-handled-by-startup-cleanup-and-active-run-re,elaborates,elaborates,section-048-8-4-retry-and-backoff->claim-8-4-retry-and-backoff-terminal-state-workspace-cleanup-is-handled-by-startup-cleanup-and-active-run-re:elaborates
section-048-8-4-retry-and-backoff,claim-8-4-retry-and-backoff-retry-handling-mainly-operates-on-active-candidates-and-releases-claims-when-the,elaborates,elaborates,section-048-8-4-retry-and-backoff->claim-8-4-retry-and-backoff-retry-handling-mainly-operates-on-active-candidates-and-releases-claims-when-the:elaborates
section-049-8-5-active-run-reconciliation,claim-8-5-active-run-reconciliation-for-each-running-issue-compute-elapsedms-since,elaborates,elaborates,section-049-8-5-active-run-reconciliation->claim-8-5-active-run-reconciliation-for-each-running-issue-compute-elapsedms-since:elaborates
section-049-8-5-active-run-reconciliation,claim-8-5-active-run-reconciliation-lastcodextimestamp-if-any-event-has-been-seen-else,elaborates,elaborates,section-049-8-5-active-run-reconciliation->claim-8-5-active-run-reconciliation-lastcodextimestamp-if-any-event-has-been-seen-else:elaborates
section-049-8-5-active-run-reconciliation,claim-8-5-active-run-reconciliation-startedat,elaborates,elaborates,section-049-8-5-active-run-reconciliation->claim-8-5-active-run-reconciliation-startedat:elaborates
section-049-8-5-active-run-reconciliation,claim-8-5-active-run-reconciliation-if-elapsedms-codex-stalltimeoutms-terminate-the-worker-and-queue-a-retry,elaborates,elaborates,section-049-8-5-active-run-reconciliation->claim-8-5-active-run-reconciliation-if-elapsedms-codex-stalltimeoutms-terminate-the-worker-and-queue-a-retry:elaborates
section-049-8-5-active-run-reconciliation,claim-8-5-active-run-reconciliation-if-stalltimeoutms-0-skip-stall-detection-entirely,elaborates,elaborates,section-049-8-5-active-run-reconciliation->claim-8-5-active-run-reconciliation-if-stalltimeoutms-0-skip-stall-detection-entirely:elaborates
section-049-8-5-active-run-reconciliation,claim-8-5-active-run-reconciliation-fetch-current-issue-states-for-all-running-issue-ids,elaborates,elaborates,section-049-8-5-active-run-reconciliation->claim-8-5-active-run-reconciliation-fetch-current-issue-states-for-all-running-issue-ids:elaborates
section-049-8-5-active-run-reconciliation,claim-8-5-active-run-reconciliation-for-each-running-issue,elaborates,elaborates,section-049-8-5-active-run-reconciliation->claim-8-5-active-run-reconciliation-for-each-running-issue:elaborates
section-049-8-5-active-run-reconciliation,claim-8-5-active-run-reconciliation-if-tracker-state-is-terminal-terminate-worker-and-clean-workspace,elaborates,elaborates,section-049-8-5-active-run-reconciliation->claim-8-5-active-run-reconciliation-if-tracker-state-is-terminal-terminate-worker-and-clean-workspace:elaborates
section-049-8-5-active-run-reconciliation,claim-8-5-active-run-reconciliation-if-tracker-state-is-still-active-update-the-in-memory-issue-snapshot,elaborates,elaborates,section-049-8-5-active-run-reconciliation->claim-8-5-active-run-reconciliation-if-tracker-state-is-still-active-update-the-in-memory-issue-snapshot:elaborates
section-049-8-5-active-run-reconciliation,claim-8-5-active-run-reconciliation-if-tracker-state-is-neither-active-nor-terminal-terminate-worker-without-workspa,elaborates,elaborates,section-049-8-5-active-run-reconciliation->claim-8-5-active-run-reconciliation-if-tracker-state-is-neither-active-nor-terminal-terminate-worker-without-workspa:elaborates
section-049-8-5-active-run-reconciliation,claim-8-5-active-run-reconciliation-if-state-refresh-fails-keep-workers-running-and-try-again-on-the-next-tick,elaborates,elaborates,section-049-8-5-active-run-reconciliation->claim-8-5-active-run-reconciliation-if-state-refresh-fails-keep-workers-running-and-try-again-on-the-next-tick:elaborates
section-052-9-1-workspace-layout,claim-9-1-workspace-layout-workspace-root-normalized-absolute-path,elaborates,elaborates,section-052-9-1-workspace-layout->claim-9-1-workspace-layout-workspace-root-normalized-absolute-path:elaborates
section-052-9-1-workspace-layout,claim-9-1-workspace-layout-workspace-root-sanitizedissueidentifier,elaborates,elaborates,section-052-9-1-workspace-layout->claim-9-1-workspace-layout-workspace-root-sanitizedissueidentifier:elaborates
section-052-9-1-workspace-layout,claim-9-1-workspace-layout-workspaces-are-reused-across-runs-for-the-same-issue,elaborates,elaborates,section-052-9-1-workspace-layout->claim-9-1-workspace-layout-workspaces-are-reused-across-runs-for-the-same-issue:elaborates
section-052-9-1-workspace-layout,claim-9-1-workspace-layout-successful-runs-do-not-auto-delete-workspaces,elaborates,elaborates,section-052-9-1-workspace-layout->claim-9-1-workspace-layout-successful-runs-do-not-auto-delete-workspaces:elaborates
section-053-9-2-workspace-creation-and-reuse,claim-9-2-workspace-creation-and-reuse-this-section-does-not-assume-any-specific-repository-vcs-workflow,elaborates,elaborates,section-053-9-2-workspace-creation-and-reuse->claim-9-2-workspace-creation-and-reuse-this-section-does-not-assume-any-specific-repository-vcs-workflow:elaborates
section-053-9-2-workspace-creation-and-reuse,claim-9-2-workspace-creation-and-reuse-workspace-preparation-beyond-directory-creation-for-example-dependency-bootstrap,elaborates,elaborates,section-053-9-2-workspace-creation-and-reuse->claim-9-2-workspace-creation-and-reuse-workspace-preparation-beyond-directory-creation-for-example-dependency-bootstrap:elaborates
section-054-9-3-optional-workspace-population-implementation-defined,requirement-9-3-optional-workspace-population-implementation-defined-implementations-may-populate-or-synchronize-the-workspace-using-implementation-d,elaborates,elaborates,section-054-9-3-optional-workspace-population-implementation-defined->requirement-9-3-optional-workspace-population-implementation-defined-implementations-may-populate-or-synchronize-the-workspace-using-implementation-d:elaborates
section-054-9-3-optional-workspace-population-implementation-defined,claim-9-3-optional-workspace-population-implementation-defined-workspace-population-synchronization-failures-return-an-error-for-the-current-at,elaborates,elaborates,section-054-9-3-optional-workspace-population-implementation-defined->claim-9-3-optional-workspace-population-implementation-defined-workspace-population-synchronization-failures-return-an-error-for-the-current-at:elaborates
section-054-9-3-optional-workspace-population-implementation-defined,requirement-9-3-optional-workspace-population-implementation-defined-if-failure-happens-while-creating-a-brand-new-workspace-implementations-may-remo,elaborates,elaborates,section-054-9-3-optional-workspace-population-implementation-defined->requirement-9-3-optional-workspace-population-implementation-defined-if-failure-happens-while-creating-a-brand-new-workspace-implementations-may-remo:elaborates
section-054-9-3-optional-workspace-population-implementation-defined,requirement-9-3-optional-workspace-population-implementation-defined-reused-workspaces-should-not-be-destructively-reset-on-population-failure-unless,elaborates,elaborates,section-054-9-3-optional-workspace-population-implementation-defined->requirement-9-3-optional-workspace-population-implementation-defined-reused-workspaces-should-not-be-destructively-reset-on-population-failure-unless:elaborates
section-055-9-4-workspace-hooks,claim-9-4-workspace-hooks-hooks-aftercreate,elaborates,elaborates,section-055-9-4-workspace-hooks->claim-9-4-workspace-hooks-hooks-aftercreate:elaborates
section-055-9-4-workspace-hooks,claim-9-4-workspace-hooks-hooks-beforerun,elaborates,elaborates,section-055-9-4-workspace-hooks->claim-9-4-workspace-hooks-hooks-beforerun:elaborates
section-055-9-4-workspace-hooks,claim-9-4-workspace-hooks-hooks-afterrun,elaborates,elaborates,section-055-9-4-workspace-hooks->claim-9-4-workspace-hooks-hooks-afterrun:elaborates
section-055-9-4-workspace-hooks,claim-9-4-workspace-hooks-hooks-beforeremove,elaborates,elaborates,section-055-9-4-workspace-hooks->claim-9-4-workspace-hooks-hooks-beforeremove:elaborates
section-055-9-4-workspace-hooks,dependency-9-4-workspace-hooks-execute-in-a-local-shell-context-appropriate-to-the-host-os-with-the-workspace-d,elaborates,elaborates,section-055-9-4-workspace-hooks->dependency-9-4-workspace-hooks-execute-in-a-local-shell-context-appropriate-to-the-host-os-with-the-workspace-d:elaborates
section-055-9-4-workspace-hooks,claim-9-4-workspace-hooks-on-posix-systems-sh-lc-script-or-a-stricter-equivalent-such-as-bash-lc-script,elaborates,elaborates,section-055-9-4-workspace-hooks->claim-9-4-workspace-hooks-on-posix-systems-sh-lc-script-or-a-stricter-equivalent-such-as-bash-lc-script:elaborates
section-055-9-4-workspace-hooks,claim-9-4-workspace-hooks-hook-timeout-uses-hooks-timeoutms-default-60000-ms,elaborates,elaborates,section-055-9-4-workspace-hooks->claim-9-4-workspace-hooks-hook-timeout-uses-hooks-timeoutms-default-60000-ms:elaborates
section-055-9-4-workspace-hooks,claim-9-4-workspace-hooks-log-hook-start-failures-and-timeouts,elaborates,elaborates,section-055-9-4-workspace-hooks->claim-9-4-workspace-hooks-log-hook-start-failures-and-timeouts:elaborates
section-055-9-4-workspace-hooks,claim-9-4-workspace-hooks-aftercreate-failure-or-timeout-is-fatal-to-workspace-creation,elaborates,elaborates,section-055-9-4-workspace-hooks->claim-9-4-workspace-hooks-aftercreate-failure-or-timeout-is-fatal-to-workspace-creation:elaborates
section-055-9-4-workspace-hooks,claim-9-4-workspace-hooks-beforerun-failure-or-timeout-is-fatal-to-the-current-run-attempt,elaborates,elaborates,section-055-9-4-workspace-hooks->claim-9-4-workspace-hooks-beforerun-failure-or-timeout-is-fatal-to-the-current-run-attempt:elaborates
section-055-9-4-workspace-hooks,claim-9-4-workspace-hooks-afterrun-failure-or-timeout-is-logged-and-ignored,elaborates,elaborates,section-055-9-4-workspace-hooks->claim-9-4-workspace-hooks-afterrun-failure-or-timeout-is-logged-and-ignored:elaborates
section-055-9-4-workspace-hooks,claim-9-4-workspace-hooks-beforeremove-failure-or-timeout-is-logged-and-ignored,elaborates,elaborates,section-055-9-4-workspace-hooks->claim-9-4-workspace-hooks-beforeremove-failure-or-timeout-is-logged-and-ignored:elaborates
section-056-9-5-safety-invariants,risk-9-5-safety-invariants-before-launching-the-coding-agent-subprocess-validate,elaborates,elaborates,section-056-9-5-safety-invariants->risk-9-5-safety-invariants-before-launching-the-coding-agent-subprocess-validate:elaborates
section-056-9-5-safety-invariants,risk-9-5-safety-invariants-cwd-workspacepath,elaborates,elaborates,section-056-9-5-safety-invariants->risk-9-5-safety-invariants-cwd-workspacepath:elaborates
section-056-9-5-safety-invariants,risk-9-5-safety-invariants-invariant-2-workspace-path-must-stay-inside-workspace-root,elaborates,elaborates,section-056-9-5-safety-invariants->risk-9-5-safety-invariants-invariant-2-workspace-path-must-stay-inside-workspace-root:elaborates
section-056-9-5-safety-invariants,risk-9-5-safety-invariants-normalize-both-paths-to-absolute,elaborates,elaborates,section-056-9-5-safety-invariants->risk-9-5-safety-invariants-normalize-both-paths-to-absolute:elaborates
section-056-9-5-safety-invariants,risk-9-5-safety-invariants-require-workspacepath-to-have-workspaceroot-as-a-prefix-directory,elaborates,elaborates,section-056-9-5-safety-invariants->risk-9-5-safety-invariants-require-workspacepath-to-have-workspaceroot-as-a-prefix-directory:elaborates
section-056-9-5-safety-invariants,risk-9-5-safety-invariants-reject-any-path-outside-the-workspace-root,elaborates,elaborates,section-056-9-5-safety-invariants->risk-9-5-safety-invariants-reject-any-path-outside-the-workspace-root:elaborates
section-056-9-5-safety-invariants,risk-9-5-safety-invariants-only-a-za-z0-9-allowed-in-workspace-directory-names,elaborates,elaborates,section-056-9-5-safety-invariants->risk-9-5-safety-invariants-only-a-za-z0-9-allowed-in-workspace-directory-names:elaborates
section-056-9-5-safety-invariants,risk-9-5-safety-invariants-replace-all-other-characters-with,elaborates,elaborates,section-056-9-5-safety-invariants->risk-9-5-safety-invariants-replace-all-other-characters-with:elaborates
section-057-10-agent-runner-protocol-coding-agent-integration,dependency-10-agent-runner-protocol-coding-agent-integration-implementations-must-send-messages-that-are-valid-for-the-targeted-codex-app-ser,elaborates,elaborates,section-057-10-agent-runner-protocol-coding-agent-integration->dependency-10-agent-runner-protocol-coding-agent-integration-implementations-must-send-messages-that-are-valid-for-the-targeted-codex-app-ser:elaborates
section-057-10-agent-runner-protocol-coding-agent-integration,dependency-10-agent-runner-protocol-coding-agent-integration-implementations-must-consult-the-targeted-codex-app-server-documentation-or-gene,elaborates,elaborates,section-057-10-agent-runner-protocol-coding-agent-integration->dependency-10-agent-runner-protocol-coding-agent-integration-implementations-must-consult-the-targeted-codex-app-server-documentation-or-gene:elaborates
section-057-10-agent-runner-protocol-coding-agent-integration,dependency-10-agent-runner-protocol-coding-agent-integration-if-this-specification-appears-to-conflict-with-the-targeted-codex-app-server-pro,elaborates,elaborates,section-057-10-agent-runner-protocol-coding-agent-integration->dependency-10-agent-runner-protocol-coding-agent-integration-if-this-specification-appears-to-conflict-with-the-targeted-codex-app-server-pro:elaborates
section-057-10-agent-runner-protocol-coding-agent-integration,dependency-10-agent-runner-protocol-coding-agent-integration-symphony-specific-requirements-in-this-section-still-control-orchestration-behav,elaborates,elaborates,section-057-10-agent-runner-protocol-coding-agent-integration->dependency-10-agent-runner-protocol-coding-agent-integration-symphony-specific-requirements-in-this-section-still-control-orchestration-behav:elaborates
section-058-10-1-launch-contract,claim-10-1-launch-contract-command-codex-command,elaborates,elaborates,section-058-10-1-launch-contract->claim-10-1-launch-contract-command-codex-command:elaborates
section-058-10-1-launch-contract,claim-10-1-launch-contract-invocation-bash-lc-codex-command,elaborates,elaborates,section-058-10-1-launch-contract->claim-10-1-launch-contract-invocation-bash-lc-codex-command:elaborates
section-058-10-1-launch-contract,claim-10-1-launch-contract-working-directory-workspace-path,elaborates,elaborates,section-058-10-1-launch-contract->claim-10-1-launch-contract-working-directory-workspace-path:elaborates
section-058-10-1-launch-contract,requirement-10-1-launch-contract-transport-framing-the-protocol-transport-required-by-the-targeted-codex-app-serv,elaborates,elaborates,section-058-10-1-launch-contract->requirement-10-1-launch-contract-transport-framing-the-protocol-transport-required-by-the-targeted-codex-app-serv:elaborates
section-058-10-1-launch-contract,claim-10-1-launch-contract-the-default-command-is-codex-app-server,elaborates,elaborates,section-058-10-1-launch-contract->claim-10-1-launch-contract-the-default-command-is-codex-app-server:elaborates
section-058-10-1-launch-contract,requirement-10-1-launch-contract-approval-policy-sandbox-policy-cwd-prompt-input-and-optional-tool-declarations-a,elaborates,elaborates,section-058-10-1-launch-contract->requirement-10-1-launch-contract-approval-policy-sandbox-policy-cwd-prompt-input-and-optional-tool-declarations-a:elaborates
section-058-10-1-launch-contract,requirement-10-1-launch-contract-recommended-additional-process-settings,elaborates,elaborates,section-058-10-1-launch-contract->requirement-10-1-launch-contract-recommended-additional-process-settings:elaborates
section-058-10-1-launch-contract,claim-10-1-launch-contract-max-line-size-10-mb-for-safe-buffering,elaborates,elaborates,section-058-10-1-launch-contract->claim-10-1-launch-contract-max-line-size-10-mb-for-safe-buffering:elaborates
section-059-10-2-session-startup-responsibilities,requirement-10-2-session-startup-responsibilities-startup-must-follow-the-targeted-codex-app-server-contract,elaborates,elaborates,section-059-10-2-session-startup-responsibilities->requirement-10-2-session-startup-responsibilities-startup-must-follow-the-targeted-codex-app-server-contract:elaborates
section-059-10-2-session-startup-responsibilities,claim-10-2-session-startup-responsibilities-start-the-app-server-subprocess-in-the-per-issue-workspace,elaborates,elaborates,section-059-10-2-session-startup-responsibilities->claim-10-2-session-startup-responsibilities-start-the-app-server-subprocess-in-the-per-issue-workspace:elaborates
section-059-10-2-session-startup-responsibilities,claim-10-2-session-startup-responsibilities-initialize-the-app-server-session-using-the-targeted-codex-app-server-protocol,elaborates,elaborates,section-059-10-2-session-startup-responsibilities->claim-10-2-session-startup-responsibilities-initialize-the-app-server-session-using-the-targeted-codex-app-server-protocol:elaborates
section-059-10-2-session-startup-responsibilities,claim-10-2-session-startup-responsibilities-create-or-resume-a-coding-agent-thread-according-to-the-targeted-protocol,elaborates,elaborates,section-059-10-2-session-startup-responsibilities->claim-10-2-session-startup-responsibilities-create-or-resume-a-coding-agent-thread-according-to-the-targeted-protocol:elaborates
section-059-10-2-session-startup-responsibilities,claim-10-2-session-startup-responsibilities-supply-the-absolute-per-issue-workspace-path-as-the-thread-turn-working-director,elaborates,elaborates,section-059-10-2-session-startup-responsibilities->claim-10-2-session-startup-responsibilities-supply-the-absolute-per-issue-workspace-path-as-the-thread-turn-working-director:elaborates
section-059-10-2-session-startup-responsibilities,claim-10-2-session-startup-responsibilities-start-the-first-turn-with-the-rendered-issue-prompt,elaborates,elaborates,section-059-10-2-session-startup-responsibilities->claim-10-2-session-startup-responsibilities-start-the-first-turn-with-the-rendered-issue-prompt:elaborates
section-059-10-2-session-startup-responsibilities,claim-10-2-session-startup-responsibilities-start-later-in-worker-continuation-turns-on-the-same-live-thread-with-continuati,elaborates,elaborates,section-059-10-2-session-startup-responsibilities->claim-10-2-session-startup-responsibilities-start-later-in-worker-continuation-turns-on-the-same-live-thread-with-continuati:elaborates
section-059-10-2-session-startup-responsibilities,claim-10-2-session-startup-responsibilities-supply-the-implementation-s-documented-approval-and-sandbox-policy-using-fields-,elaborates,elaborates,section-059-10-2-session-startup-responsibilities->claim-10-2-session-startup-responsibilities-supply-the-implementation-s-documented-approval-and-sandbox-policy-using-fields-:elaborates
section-059-10-2-session-startup-responsibilities,claim-10-2-session-startup-responsibilities-include-issue-identifying-metadata-such-as-issue-identifier-issue-title-when-t,elaborates,elaborates,section-059-10-2-session-startup-responsibilities->claim-10-2-session-startup-responsibilities-include-issue-identifying-metadata-such-as-issue-identifier-issue-title-when-t:elaborates
section-059-10-2-session-startup-responsibilities,claim-10-2-session-startup-responsibilities-advertise-implemented-client-side-tools-using-the-targeted-protocol,elaborates,elaborates,section-059-10-2-session-startup-responsibilities->claim-10-2-session-startup-responsibilities-advertise-implemented-client-side-tools-using-the-targeted-protocol:elaborates
section-059-10-2-session-startup-responsibilities,claim-10-2-session-startup-responsibilities-extract-threadid-from-the-thread-identity-returned-by-the-targeted-codex-app-ser,elaborates,elaborates,section-059-10-2-session-startup-responsibilities->claim-10-2-session-startup-responsibilities-extract-threadid-from-the-thread-identity-returned-by-the-targeted-codex-app-ser:elaborates
section-059-10-2-session-startup-responsibilities,claim-10-2-session-startup-responsibilities-extract-turnid-from-each-turn-identity-returned-by-the-targeted-codex-app-server,elaborates,elaborates,section-059-10-2-session-startup-responsibilities->claim-10-2-session-startup-responsibilities-extract-turnid-from-each-turn-identity-returned-by-the-targeted-codex-app-server:elaborates
section-059-10-2-session-startup-responsibilities,claim-10-2-session-startup-responsibilities-emit-sessionid-threadid-turnid,elaborates,elaborates,section-059-10-2-session-startup-responsibilities->claim-10-2-session-startup-responsibilities-emit-sessionid-threadid-turnid:elaborates
section-059-10-2-session-startup-responsibilities,claim-10-2-session-startup-responsibilities-reuse-the-same-threadid-for-all-continuation-turns-inside-one-worker-run,elaborates,elaborates,section-059-10-2-session-startup-responsibilities->claim-10-2-session-startup-responsibilities-reuse-the-same-threadid-for-all-continuation-turns-inside-one-worker-run:elaborates
section-060-10-3-streaming-turn-processing,claim-10-3-streaming-turn-processing-targeted-protocol-turn-completion-signal-success,elaborates,elaborates,section-060-10-3-streaming-turn-processing->claim-10-3-streaming-turn-processing-targeted-protocol-turn-completion-signal-success:elaborates
section-060-10-3-streaming-turn-processing,claim-10-3-streaming-turn-processing-targeted-protocol-turn-failure-signal-failure,elaborates,elaborates,section-060-10-3-streaming-turn-processing->claim-10-3-streaming-turn-processing-targeted-protocol-turn-failure-signal-failure:elaborates
section-060-10-3-streaming-turn-processing,claim-10-3-streaming-turn-processing-targeted-protocol-turn-cancellation-signal-failure,elaborates,elaborates,section-060-10-3-streaming-turn-processing->claim-10-3-streaming-turn-processing-targeted-protocol-turn-cancellation-signal-failure:elaborates
section-060-10-3-streaming-turn-processing,claim-10-3-streaming-turn-processing-turn-timeout-turntimeoutms-failure,elaborates,elaborates,section-060-10-3-streaming-turn-processing->claim-10-3-streaming-turn-processing-turn-timeout-turntimeoutms-failure:elaborates
section-060-10-3-streaming-turn-processing,claim-10-3-streaming-turn-processing-subprocess-exit-failure,elaborates,elaborates,section-060-10-3-streaming-turn-processing->claim-10-3-streaming-turn-processing-subprocess-exit-failure:elaborates
section-060-10-3-streaming-turn-processing,requirement-10-3-streaming-turn-processing-if-the-worker-decides-to-continue-after-a-successful-turn-it-should-start-anothe,elaborates,elaborates,section-060-10-3-streaming-turn-processing->requirement-10-3-streaming-turn-processing-if-the-worker-decides-to-continue-after-a-successful-turn-it-should-start-anothe:elaborates
section-060-10-3-streaming-turn-processing,requirement-10-3-streaming-turn-processing-the-app-server-subprocess-should-remain-alive-across-those-continuation-turns-an,elaborates,elaborates,section-060-10-3-streaming-turn-processing->requirement-10-3-streaming-turn-processing-the-app-server-subprocess-should-remain-alive-across-those-continuation-turns-an:elaborates
section-060-10-3-streaming-turn-processing,claim-10-3-streaming-turn-processing-follow-the-transport-and-framing-rules-of-the-targeted-codex-app-server-version,elaborates,elaborates,section-060-10-3-streaming-turn-processing->claim-10-3-streaming-turn-processing-follow-the-transport-and-framing-rules-of-the-targeted-codex-app-server-version:elaborates
section-060-10-3-streaming-turn-processing,claim-10-3-streaming-turn-processing-for-stdio-based-transports-keep-protocol-stream-handling-separate-from-diagnosti,elaborates,elaborates,section-060-10-3-streaming-turn-processing->claim-10-3-streaming-turn-processing-for-stdio-based-transports-keep-protocol-stream-handling-separate-from-diagnosti:elaborates
section-061-10-4-emitted-runtime-events-upstream-to-orchestrator,requirement-10-4-emitted-runtime-events-upstream-to-orchestrator-each-event-should,elaborates,elaborates,section-061-10-4-emitted-runtime-events-upstream-to-orchestrator->requirement-10-4-emitted-runtime-events-upstream-to-orchestrator-each-event-should:elaborates
section-061-10-4-emitted-runtime-events-upstream-to-orchestrator,claim-10-4-emitted-runtime-events-upstream-to-orchestrator-event-enum-string,elaborates,elaborates,section-061-10-4-emitted-runtime-events-upstream-to-orchestrator->claim-10-4-emitted-runtime-events-upstream-to-orchestrator-event-enum-string:elaborates
section-061-10-4-emitted-runtime-events-upstream-to-orchestrator,claim-10-4-emitted-runtime-events-upstream-to-orchestrator-timestamp-utc-timestamp,elaborates,elaborates,section-061-10-4-emitted-runtime-events-upstream-to-orchestrator->claim-10-4-emitted-runtime-events-upstream-to-orchestrator-timestamp-utc-timestamp:elaborates
section-061-10-4-emitted-runtime-events-upstream-to-orchestrator,claim-10-4-emitted-runtime-events-upstream-to-orchestrator-codexappserverpid-if-available,elaborates,elaborates,section-061-10-4-emitted-runtime-events-upstream-to-orchestrator->claim-10-4-emitted-runtime-events-upstream-to-orchestrator-codexappserverpid-if-available:elaborates
section-061-10-4-emitted-runtime-events-upstream-to-orchestrator,requirement-10-4-emitted-runtime-events-upstream-to-orchestrator-optional-usage-map-token-counts,elaborates,elaborates,section-061-10-4-emitted-runtime-events-upstream-to-orchestrator->requirement-10-4-emitted-runtime-events-upstream-to-orchestrator-optional-usage-map-token-counts:elaborates
section-061-10-4-emitted-runtime-events-upstream-to-orchestrator,claim-10-4-emitted-runtime-events-upstream-to-orchestrator-payload-fields-as-needed,elaborates,elaborates,section-061-10-4-emitted-runtime-events-upstream-to-orchestrator->claim-10-4-emitted-runtime-events-upstream-to-orchestrator-payload-fields-as-needed:elaborates
section-061-10-4-emitted-runtime-events-upstream-to-orchestrator,claim-10-4-emitted-runtime-events-upstream-to-orchestrator-sessionstarted,elaborates,elaborates,section-061-10-4-emitted-runtime-events-upstream-to-orchestrator->claim-10-4-emitted-runtime-events-upstream-to-orchestrator-sessionstarted:elaborates
section-061-10-4-emitted-runtime-events-upstream-to-orchestrator,claim-10-4-emitted-runtime-events-upstream-to-orchestrator-startupfailed,elaborates,elaborates,section-061-10-4-emitted-runtime-events-upstream-to-orchestrator->claim-10-4-emitted-runtime-events-upstream-to-orchestrator-startupfailed:elaborates
section-061-10-4-emitted-runtime-events-upstream-to-orchestrator,claim-10-4-emitted-runtime-events-upstream-to-orchestrator-turncompleted,elaborates,elaborates,section-061-10-4-emitted-runtime-events-upstream-to-orchestrator->claim-10-4-emitted-runtime-events-upstream-to-orchestrator-turncompleted:elaborates
section-061-10-4-emitted-runtime-events-upstream-to-orchestrator,claim-10-4-emitted-runtime-events-upstream-to-orchestrator-turnfailed,elaborates,elaborates,section-061-10-4-emitted-runtime-events-upstream-to-orchestrator->claim-10-4-emitted-runtime-events-upstream-to-orchestrator-turnfailed:elaborates
section-061-10-4-emitted-runtime-events-upstream-to-orchestrator,claim-10-4-emitted-runtime-events-upstream-to-orchestrator-turncancelled,elaborates,elaborates,section-061-10-4-emitted-runtime-events-upstream-to-orchestrator->claim-10-4-emitted-runtime-events-upstream-to-orchestrator-turncancelled:elaborates
section-061-10-4-emitted-runtime-events-upstream-to-orchestrator,claim-10-4-emitted-runtime-events-upstream-to-orchestrator-turnendedwitherror,elaborates,elaborates,section-061-10-4-emitted-runtime-events-upstream-to-orchestrator->claim-10-4-emitted-runtime-events-upstream-to-orchestrator-turnendedwitherror:elaborates
section-061-10-4-emitted-runtime-events-upstream-to-orchestrator,claim-10-4-emitted-runtime-events-upstream-to-orchestrator-turninputrequired,elaborates,elaborates,section-061-10-4-emitted-runtime-events-upstream-to-orchestrator->claim-10-4-emitted-runtime-events-upstream-to-orchestrator-turninputrequired:elaborates
section-061-10-4-emitted-runtime-events-upstream-to-orchestrator,claim-10-4-emitted-runtime-events-upstream-to-orchestrator-approvalautoapproved,elaborates,elaborates,section-061-10-4-emitted-runtime-events-upstream-to-orchestrator->claim-10-4-emitted-runtime-events-upstream-to-orchestrator-approvalautoapproved:elaborates
section-061-10-4-emitted-runtime-events-upstream-to-orchestrator,claim-10-4-emitted-runtime-events-upstream-to-orchestrator-unsupportedtoolcall,elaborates,elaborates,section-061-10-4-emitted-runtime-events-upstream-to-orchestrator->claim-10-4-emitted-runtime-events-upstream-to-orchestrator-unsupportedtoolcall:elaborates
section-061-10-4-emitted-runtime-events-upstream-to-orchestrator,claim-10-4-emitted-runtime-events-upstream-to-orchestrator-notification,elaborates,elaborates,section-061-10-4-emitted-runtime-events-upstream-to-orchestrator->claim-10-4-emitted-runtime-events-upstream-to-orchestrator-notification:elaborates
section-061-10-4-emitted-runtime-events-upstream-to-orchestrator,claim-10-4-emitted-runtime-events-upstream-to-orchestrator-othermessage,elaborates,elaborates,section-061-10-4-emitted-runtime-events-upstream-to-orchestrator->claim-10-4-emitted-runtime-events-upstream-to-orchestrator-othermessage:elaborates
section-061-10-4-emitted-runtime-events-upstream-to-orchestrator,claim-10-4-emitted-runtime-events-upstream-to-orchestrator-malformed,elaborates,elaborates,section-061-10-4-emitted-runtime-events-upstream-to-orchestrator->claim-10-4-emitted-runtime-events-upstream-to-orchestrator-malformed:elaborates
section-062-10-5-approval-tool-calls-and-user-input-policy,requirement-10-5-approval-tool-calls-and-user-input-policy-each-implementation-must-document-its-chosen-approval-sandbox-and-operator-confi,elaborates,elaborates,section-062-10-5-approval-tool-calls-and-user-input-policy->requirement-10-5-approval-tool-calls-and-user-input-policy-each-implementation-must-document-its-chosen-approval-sandbox-and-operator-confi:elaborates
section-062-10-5-approval-tool-calls-and-user-input-policy,requirement-10-5-approval-tool-calls-and-user-input-policy-approval-requests-and-user-input-required-events-must-not-leave-a-run-stalled-in,elaborates,elaborates,section-062-10-5-approval-tool-calls-and-user-input-policy->requirement-10-5-approval-tool-calls-and-user-input-policy-approval-requests-and-user-input-required-events-must-not-leave-a-run-stalled-in:elaborates
section-062-10-5-approval-tool-calls-and-user-input-policy,claim-10-5-approval-tool-calls-and-user-input-policy-auto-approve-command-execution-approvals-for-the-session,elaborates,elaborates,section-062-10-5-approval-tool-calls-and-user-input-policy->claim-10-5-approval-tool-calls-and-user-input-policy-auto-approve-command-execution-approvals-for-the-session:elaborates
section-062-10-5-approval-tool-calls-and-user-input-policy,claim-10-5-approval-tool-calls-and-user-input-policy-auto-approve-file-change-approvals-for-the-session,elaborates,elaborates,section-062-10-5-approval-tool-calls-and-user-input-policy->claim-10-5-approval-tool-calls-and-user-input-policy-auto-approve-file-change-approvals-for-the-session:elaborates
section-062-10-5-approval-tool-calls-and-user-input-policy,requirement-10-5-approval-tool-calls-and-user-input-policy-treat-user-input-required-turns-as-hard-failure,elaborates,elaborates,section-062-10-5-approval-tool-calls-and-user-input-policy->requirement-10-5-approval-tool-calls-and-user-input-policy-treat-user-input-required-turns-as-hard-failure:elaborates
section-062-10-5-approval-tool-calls-and-user-input-policy,requirement-10-5-approval-tool-calls-and-user-input-policy-supported-dynamic-tool-calls-that-are-explicitly-implemented-and-advertised-by-t,elaborates,elaborates,section-062-10-5-approval-tool-calls-and-user-input-policy->requirement-10-5-approval-tool-calls-and-user-input-policy-supported-dynamic-tool-calls-that-are-explicitly-implemented-and-advertised-by-t:elaborates
section-062-10-5-approval-tool-calls-and-user-input-policy,dependency-10-5-approval-tool-calls-and-user-input-policy-if-the-agent-requests-a-dynamic-tool-call-that-is-not-supported-return-a-tool-fa,elaborates,elaborates,section-062-10-5-approval-tool-calls-and-user-input-policy->dependency-10-5-approval-tool-calls-and-user-input-policy-if-the-agent-requests-a-dynamic-tool-call-that-is-not-supported-return-a-tool-fa:elaborates
section-062-10-5-approval-tool-calls-and-user-input-policy,dependency-10-5-approval-tool-calls-and-user-input-policy-this-prevents-the-session-from-stalling-on-unsupported-tool-execution-paths,elaborates,elaborates,section-062-10-5-approval-tool-calls-and-user-input-policy->dependency-10-5-approval-tool-calls-and-user-input-policy-this-prevents-the-session-from-stalling-on-unsupported-tool-execution-paths:elaborates
section-062-10-5-approval-tool-calls-and-user-input-policy,requirement-10-5-approval-tool-calls-and-user-input-policy-an-implementation-may-expose-a-limited-set-of-client-side-tools-to-the-app-serve,elaborates,elaborates,section-062-10-5-approval-tool-calls-and-user-input-policy->requirement-10-5-approval-tool-calls-and-user-input-policy-an-implementation-may-expose-a-limited-set-of-client-side-tools-to-the-app-serve:elaborates
section-062-10-5-approval-tool-calls-and-user-input-policy,dependency-10-5-approval-tool-calls-and-user-input-policy-current-standardized-optional-tool-lineargraphql,elaborates,elaborates,section-062-10-5-approval-tool-calls-and-user-input-policy->dependency-10-5-approval-tool-calls-and-user-input-policy-current-standardized-optional-tool-lineargraphql:elaborates
section-062-10-5-approval-tool-calls-and-user-input-policy,requirement-10-5-approval-tool-calls-and-user-input-policy-if-implemented-supported-tools-should-be-advertised-to-the-app-server-session-du,elaborates,elaborates,section-062-10-5-approval-tool-calls-and-user-input-policy->requirement-10-5-approval-tool-calls-and-user-input-policy-if-implemented-supported-tools-should-be-advertised-to-the-app-server-session-du:elaborates
section-062-10-5-approval-tool-calls-and-user-input-policy,requirement-10-5-approval-tool-calls-and-user-input-policy-unsupported-tool-names-should-still-return-a-failure-result-using-the-targeted-p,elaborates,elaborates,section-062-10-5-approval-tool-calls-and-user-input-policy->requirement-10-5-approval-tool-calls-and-user-input-policy-unsupported-tool-names-should-still-return-a-failure-result-using-the-targeted-p:elaborates
section-062-10-5-approval-tool-calls-and-user-input-policy,claim-10-5-approval-tool-calls-and-user-input-policy-purpose-execute-a-raw-graphql-query-or-mutation-against-linear-using-symphony-s-,elaborates,elaborates,section-062-10-5-approval-tool-calls-and-user-input-policy->claim-10-5-approval-tool-calls-and-user-input-policy-purpose-execute-a-raw-graphql-query-or-mutation-against-linear-using-symphony-s-:elaborates
section-062-10-5-approval-tool-calls-and-user-input-policy,claim-10-5-approval-tool-calls-and-user-input-policy-availability-only-meaningful-when-tracker-kind-linear-and-valid-linear-auth-is,elaborates,elaborates,section-062-10-5-approval-tool-calls-and-user-input-policy->claim-10-5-approval-tool-calls-and-user-input-policy-availability-only-meaningful-when-tracker-kind-linear-and-valid-linear-auth-is:elaborates
section-062-10-5-approval-tool-calls-and-user-input-policy,claim-10-5-approval-tool-calls-and-user-input-policy-preferred-input-shape,elaborates,elaborates,section-062-10-5-approval-tool-calls-and-user-input-policy->claim-10-5-approval-tool-calls-and-user-input-policy-preferred-input-shape:elaborates
section-062-10-5-approval-tool-calls-and-user-input-policy,requirement-10-5-approval-tool-calls-and-user-input-policy-query-must-be-a-non-empty-string,elaborates,elaborates,section-062-10-5-approval-tool-calls-and-user-input-policy->requirement-10-5-approval-tool-calls-and-user-input-policy-query-must-be-a-non-empty-string:elaborates
section-062-10-5-approval-tool-calls-and-user-input-policy,requirement-10-5-approval-tool-calls-and-user-input-policy-query-must-contain-exactly-one-graphql-operation,elaborates,elaborates,section-062-10-5-approval-tool-calls-and-user-input-policy->requirement-10-5-approval-tool-calls-and-user-input-policy-query-must-contain-exactly-one-graphql-operation:elaborates
section-062-10-5-approval-tool-calls-and-user-input-policy,requirement-10-5-approval-tool-calls-and-user-input-policy-variables-is-optional-and-when-present-must-be-a-json-object,elaborates,elaborates,section-062-10-5-approval-tool-calls-and-user-input-policy->requirement-10-5-approval-tool-calls-and-user-input-policy-variables-is-optional-and-when-present-must-be-a-json-object:elaborates
section-062-10-5-approval-tool-calls-and-user-input-policy,requirement-10-5-approval-tool-calls-and-user-input-policy-implementations-may-additionally-accept-a-raw-graphql-query-string-as-shorthand-,elaborates,elaborates,section-062-10-5-approval-tool-calls-and-user-input-policy->requirement-10-5-approval-tool-calls-and-user-input-policy-implementations-may-additionally-accept-a-raw-graphql-query-string-as-shorthand-:elaborates
section-062-10-5-approval-tool-calls-and-user-input-policy,dependency-10-5-approval-tool-calls-and-user-input-policy-execute-one-graphql-operation-per-tool-call,elaborates,elaborates,section-062-10-5-approval-tool-calls-and-user-input-policy->dependency-10-5-approval-tool-calls-and-user-input-policy-execute-one-graphql-operation-per-tool-call:elaborates
section-062-10-5-approval-tool-calls-and-user-input-policy,dependency-10-5-approval-tool-calls-and-user-input-policy-if-the-provided-document-contains-multiple-operations-reject-the-tool-call-as-in,elaborates,elaborates,section-062-10-5-approval-tool-calls-and-user-input-policy->dependency-10-5-approval-tool-calls-and-user-input-policy-if-the-provided-document-contains-multiple-operations-reject-the-tool-call-as-in:elaborates
section-062-10-5-approval-tool-calls-and-user-input-policy,claim-10-5-approval-tool-calls-and-user-input-policy-operationname-selection-is-intentionally-out-of-scope-for-this-extension,elaborates,elaborates,section-062-10-5-approval-tool-calls-and-user-input-policy->claim-10-5-approval-tool-calls-and-user-input-policy-operationname-selection-is-intentionally-out-of-scope-for-this-extension:elaborates
section-062-10-5-approval-tool-calls-and-user-input-policy,claim-10-5-approval-tool-calls-and-user-input-policy-reuse-the-configured-linear-endpoint-and-auth-from-the-active-symphony-workflow-,elaborates,elaborates,section-062-10-5-approval-tool-calls-and-user-input-policy->claim-10-5-approval-tool-calls-and-user-input-policy-reuse-the-configured-linear-endpoint-and-auth-from-the-active-symphony-workflow-:elaborates
section-062-10-5-approval-tool-calls-and-user-input-policy,dependency-10-5-approval-tool-calls-and-user-input-policy-tool-result-semantics,elaborates,elaborates,section-062-10-5-approval-tool-calls-and-user-input-policy->dependency-10-5-approval-tool-calls-and-user-input-policy-tool-result-semantics:elaborates
section-062-10-5-approval-tool-calls-and-user-input-policy,claim-10-5-approval-tool-calls-and-user-input-policy-transport-success-no-top-level-graphql-errors-success-true,elaborates,elaborates,section-062-10-5-approval-tool-calls-and-user-input-policy->claim-10-5-approval-tool-calls-and-user-input-policy-transport-success-no-top-level-graphql-errors-success-true:elaborates
section-062-10-5-approval-tool-calls-and-user-input-policy,claim-10-5-approval-tool-calls-and-user-input-policy-top-level-graphql-errors-present-success-false-but-preserve-the-graphql-response,elaborates,elaborates,section-062-10-5-approval-tool-calls-and-user-input-policy->claim-10-5-approval-tool-calls-and-user-input-policy-top-level-graphql-errors-present-success-false-but-preserve-the-graphql-response:elaborates
section-062-10-5-approval-tool-calls-and-user-input-policy,claim-10-5-approval-tool-calls-and-user-input-policy-invalid-input-missing-auth-or-transport-failure-success-false-with-an-error-payl,elaborates,elaborates,section-062-10-5-approval-tool-calls-and-user-input-policy->claim-10-5-approval-tool-calls-and-user-input-policy-invalid-input-missing-auth-or-transport-failure-success-false-with-an-error-payl:elaborates
section-062-10-5-approval-tool-calls-and-user-input-policy,dependency-10-5-approval-tool-calls-and-user-input-policy-return-the-graphql-response-or-error-payload-as-structured-tool-output-that-the-,elaborates,elaborates,section-062-10-5-approval-tool-calls-and-user-input-policy->dependency-10-5-approval-tool-calls-and-user-input-policy-return-the-graphql-response-or-error-payload-as-structured-tool-output-that-the-:elaborates
section-062-10-5-approval-tool-calls-and-user-input-policy,requirement-10-5-approval-tool-calls-and-user-input-policy-implementations-must-document-how-targeted-protocol-user-input-required-signals-,elaborates,elaborates,section-062-10-5-approval-tool-calls-and-user-input-policy->requirement-10-5-approval-tool-calls-and-user-input-policy-implementations-must-document-how-targeted-protocol-user-input-required-signals-:elaborates
section-062-10-5-approval-tool-calls-and-user-input-policy,requirement-10-5-approval-tool-calls-and-user-input-policy-a-run-must-not-stall-indefinitely-waiting-for-user-input,elaborates,elaborates,section-062-10-5-approval-tool-calls-and-user-input-policy->requirement-10-5-approval-tool-calls-and-user-input-policy-a-run-must-not-stall-indefinitely-waiting-for-user-input:elaborates
section-062-10-5-approval-tool-calls-and-user-input-policy,requirement-10-5-approval-tool-calls-and-user-input-policy-a-conforming-implementation-may-fail-the-run-surface-the-request-to-an-operator-,elaborates,elaborates,section-062-10-5-approval-tool-calls-and-user-input-policy->requirement-10-5-approval-tool-calls-and-user-input-policy-a-conforming-implementation-may-fail-the-run-surface-the-request-to-an-operator-:elaborates
section-062-10-5-approval-tool-calls-and-user-input-policy,requirement-10-5-approval-tool-calls-and-user-input-policy-the-example-high-trust-behavior-above-fails-user-input-required-turns-immediatel,elaborates,elaborates,section-062-10-5-approval-tool-calls-and-user-input-policy->requirement-10-5-approval-tool-calls-and-user-input-policy-the-example-high-trust-behavior-above-fails-user-input-required-turns-immediatel:elaborates
section-063-10-6-timeouts-and-error-mapping,claim-10-6-timeouts-and-error-mapping-codex-readtimeoutms-request-response-timeout-during-startup-and-sync-requests,elaborates,elaborates,section-063-10-6-timeouts-and-error-mapping->claim-10-6-timeouts-and-error-mapping-codex-readtimeoutms-request-response-timeout-during-startup-and-sync-requests:elaborates
section-063-10-6-timeouts-and-error-mapping,claim-10-6-timeouts-and-error-mapping-codex-turntimeoutms-total-turn-stream-timeout,elaborates,elaborates,section-063-10-6-timeouts-and-error-mapping->claim-10-6-timeouts-and-error-mapping-codex-turntimeoutms-total-turn-stream-timeout:elaborates
section-063-10-6-timeouts-and-error-mapping,claim-10-6-timeouts-and-error-mapping-codex-stalltimeoutms-enforced-by-orchestrator-based-on-event-inactivity,elaborates,elaborates,section-063-10-6-timeouts-and-error-mapping->claim-10-6-timeouts-and-error-mapping-codex-stalltimeoutms-enforced-by-orchestrator-based-on-event-inactivity:elaborates
section-063-10-6-timeouts-and-error-mapping,requirement-10-6-timeouts-and-error-mapping-error-mapping-recommended-normalized-categories,elaborates,elaborates,section-063-10-6-timeouts-and-error-mapping->requirement-10-6-timeouts-and-error-mapping-error-mapping-recommended-normalized-categories:elaborates
section-063-10-6-timeouts-and-error-mapping,claim-10-6-timeouts-and-error-mapping-codexnotfound,elaborates,elaborates,section-063-10-6-timeouts-and-error-mapping->claim-10-6-timeouts-and-error-mapping-codexnotfound:elaborates
section-063-10-6-timeouts-and-error-mapping,claim-10-6-timeouts-and-error-mapping-invalidworkspacecwd,elaborates,elaborates,section-063-10-6-timeouts-and-error-mapping->claim-10-6-timeouts-and-error-mapping-invalidworkspacecwd:elaborates
section-063-10-6-timeouts-and-error-mapping,claim-10-6-timeouts-and-error-mapping-responsetimeout,elaborates,elaborates,section-063-10-6-timeouts-and-error-mapping->claim-10-6-timeouts-and-error-mapping-responsetimeout:elaborates
section-063-10-6-timeouts-and-error-mapping,claim-10-6-timeouts-and-error-mapping-turntimeout,elaborates,elaborates,section-063-10-6-timeouts-and-error-mapping->claim-10-6-timeouts-and-error-mapping-turntimeout:elaborates
section-063-10-6-timeouts-and-error-mapping,claim-10-6-timeouts-and-error-mapping-portexit,elaborates,elaborates,section-063-10-6-timeouts-and-error-mapping->claim-10-6-timeouts-and-error-mapping-portexit:elaborates
section-063-10-6-timeouts-and-error-mapping,claim-10-6-timeouts-and-error-mapping-responseerror,elaborates,elaborates,section-063-10-6-timeouts-and-error-mapping->claim-10-6-timeouts-and-error-mapping-responseerror:elaborates
section-063-10-6-timeouts-and-error-mapping,claim-10-6-timeouts-and-error-mapping-turnfailed,elaborates,elaborates,section-063-10-6-timeouts-and-error-mapping->claim-10-6-timeouts-and-error-mapping-turnfailed:elaborates
section-063-10-6-timeouts-and-error-mapping,claim-10-6-timeouts-and-error-mapping-turncancelled,elaborates,elaborates,section-063-10-6-timeouts-and-error-mapping->claim-10-6-timeouts-and-error-mapping-turncancelled:elaborates
section-063-10-6-timeouts-and-error-mapping,claim-10-6-timeouts-and-error-mapping-turninputrequired,elaborates,elaborates,section-063-10-6-timeouts-and-error-mapping->claim-10-6-timeouts-and-error-mapping-turninputrequired:elaborates
section-064-10-7-agent-runner-contract,claim-10-7-agent-runner-contract-workspaces-are-intentionally-preserved-after-successful-runs,elaborates,elaborates,section-064-10-7-agent-runner-contract->claim-10-7-agent-runner-contract-workspaces-are-intentionally-preserved-after-successful-runs:elaborates
section-066-11-1-required-operations,requirement-11-1-required-operations-an-implementation-must-support-these-tracker-adapter-operations,elaborates,elaborates,section-066-11-1-required-operations->requirement-11-1-required-operations-an-implementation-must-support-these-tracker-adapter-operations:elaborates
section-066-11-1-required-operations,claim-11-1-required-operations-return-issues-in-configured-active-states-for-a-configured-project,elaborates,elaborates,section-066-11-1-required-operations->claim-11-1-required-operations-return-issues-in-configured-active-states-for-a-configured-project:elaborates
section-066-11-1-required-operations,claim-11-1-required-operations-used-for-startup-terminal-cleanup,elaborates,elaborates,section-066-11-1-required-operations->claim-11-1-required-operations-used-for-startup-terminal-cleanup:elaborates
section-066-11-1-required-operations,claim-11-1-required-operations-used-for-active-run-reconciliation,elaborates,elaborates,section-066-11-1-required-operations->claim-11-1-required-operations-used-for-active-run-reconciliation:elaborates
section-067-11-2-query-semantics-linear,claim-11-2-query-semantics-linear-tracker-kind-linear,elaborates,elaborates,section-067-11-2-query-semantics-linear->claim-11-2-query-semantics-linear-tracker-kind-linear:elaborates
section-067-11-2-query-semantics-linear,dependency-11-2-query-semantics-linear-graphql-endpoint-default-https-api-linear-app-graphql,elaborates,elaborates,section-067-11-2-query-semantics-linear->dependency-11-2-query-semantics-linear-graphql-endpoint-default-https-api-linear-app-graphql:elaborates
section-067-11-2-query-semantics-linear,claim-11-2-query-semantics-linear-auth-token-sent-in-authorization-header,elaborates,elaborates,section-067-11-2-query-semantics-linear->claim-11-2-query-semantics-linear-auth-token-sent-in-authorization-header:elaborates
section-067-11-2-query-semantics-linear,claim-11-2-query-semantics-linear-tracker-projectslug-maps-to-linear-project-slugid,elaborates,elaborates,section-067-11-2-query-semantics-linear->claim-11-2-query-semantics-linear-tracker-projectslug-maps-to-linear-project-slugid:elaborates
section-067-11-2-query-semantics-linear,claim-11-2-query-semantics-linear-candidate-issue-query-filters-project-using-project-slugid-eq-projectslug,elaborates,elaborates,section-067-11-2-query-semantics-linear->claim-11-2-query-semantics-linear-candidate-issue-query-filters-project-using-project-slugid-eq-projectslug:elaborates
section-067-11-2-query-semantics-linear,claim-11-2-query-semantics-linear-issue-state-refresh-query-uses-graphql-issue-ids-with-variable-type-id,elaborates,elaborates,section-067-11-2-query-semantics-linear->claim-11-2-query-semantics-linear-issue-state-refresh-query-uses-graphql-issue-ids-with-variable-type-id:elaborates
section-067-11-2-query-semantics-linear,requirement-11-2-query-semantics-linear-pagination-required-for-candidate-issues,elaborates,elaborates,section-067-11-2-query-semantics-linear->requirement-11-2-query-semantics-linear-pagination-required-for-candidate-issues:elaborates
section-067-11-2-query-semantics-linear,claim-11-2-query-semantics-linear-page-size-default-50,elaborates,elaborates,section-067-11-2-query-semantics-linear->claim-11-2-query-semantics-linear-page-size-default-50:elaborates
section-067-11-2-query-semantics-linear,claim-11-2-query-semantics-linear-network-timeout-30000-ms,elaborates,elaborates,section-067-11-2-query-semantics-linear->claim-11-2-query-semantics-linear-network-timeout-30000-ms:elaborates
section-067-11-2-query-semantics-linear,requirement-11-2-query-semantics-linear-linear-graphql-schema-details-can-drift-keep-query-construction-isolated-and-tes,elaborates,elaborates,section-067-11-2-query-semantics-linear->requirement-11-2-query-semantics-linear-linear-graphql-schema-details-can-drift-keep-query-construction-isolated-and-tes:elaborates
section-067-11-2-query-semantics-linear,requirement-11-2-query-semantics-linear-a-non-linear-implementation-may-change-transport-details-but-the-normalized-outp,elaborates,elaborates,section-067-11-2-query-semantics-linear->requirement-11-2-query-semantics-linear-a-non-linear-implementation-may-change-transport-details-but-the-normalized-outp:elaborates
section-068-11-3-normalization-rules,requirement-11-3-normalization-rules-candidate-issue-normalization-should-produce-fields-listed-in-section-4-1-1,elaborates,elaborates,section-068-11-3-normalization-rules->requirement-11-3-normalization-rules-candidate-issue-normalization-should-produce-fields-listed-in-section-4-1-1:elaborates
section-068-11-3-normalization-rules,claim-11-3-normalization-rules-labels-lowercase-strings,elaborates,elaborates,section-068-11-3-normalization-rules->claim-11-3-normalization-rules-labels-lowercase-strings:elaborates
section-068-11-3-normalization-rules,claim-11-3-normalization-rules-blockedby-derived-from-inverse-relations-where-relation-type-is-blocks,elaborates,elaborates,section-068-11-3-normalization-rules->claim-11-3-normalization-rules-blockedby-derived-from-inverse-relations-where-relation-type-is-blocks:elaborates
section-068-11-3-normalization-rules,claim-11-3-normalization-rules-priority-integer-only-non-integers-become-null,elaborates,elaborates,section-068-11-3-normalization-rules->claim-11-3-normalization-rules-priority-integer-only-non-integers-become-null:elaborates
section-068-11-3-normalization-rules,claim-11-3-normalization-rules-createdat-and-updatedat-parse-iso-8601-timestamps,elaborates,elaborates,section-068-11-3-normalization-rules->claim-11-3-normalization-rules-createdat-and-updatedat-parse-iso-8601-timestamps:elaborates
section-069-11-4-error-handling-contract,requirement-11-4-error-handling-contract-recommended-error-categories,elaborates,elaborates,section-069-11-4-error-handling-contract->requirement-11-4-error-handling-contract-recommended-error-categories:elaborates
section-069-11-4-error-handling-contract,claim-11-4-error-handling-contract-unsupportedtrackerkind,elaborates,elaborates,section-069-11-4-error-handling-contract->claim-11-4-error-handling-contract-unsupportedtrackerkind:elaborates
section-069-11-4-error-handling-contract,claim-11-4-error-handling-contract-missingtrackerapikey,elaborates,elaborates,section-069-11-4-error-handling-contract->claim-11-4-error-handling-contract-missingtrackerapikey:elaborates
section-069-11-4-error-handling-contract,claim-11-4-error-handling-contract-missingtrackerprojectslug,elaborates,elaborates,section-069-11-4-error-handling-contract->claim-11-4-error-handling-contract-missingtrackerprojectslug:elaborates
section-069-11-4-error-handling-contract,claim-11-4-error-handling-contract-linearapirequest-transport-failures,elaborates,elaborates,section-069-11-4-error-handling-contract->claim-11-4-error-handling-contract-linearapirequest-transport-failures:elaborates
section-069-11-4-error-handling-contract,claim-11-4-error-handling-contract-linearapistatus-non-200-http,elaborates,elaborates,section-069-11-4-error-handling-contract->claim-11-4-error-handling-contract-linearapistatus-non-200-http:elaborates
section-069-11-4-error-handling-contract,claim-11-4-error-handling-contract-lineargraphqlerrors,elaborates,elaborates,section-069-11-4-error-handling-contract->claim-11-4-error-handling-contract-lineargraphqlerrors:elaborates
section-069-11-4-error-handling-contract,claim-11-4-error-handling-contract-linearunknownpayload,elaborates,elaborates,section-069-11-4-error-handling-contract->claim-11-4-error-handling-contract-linearunknownpayload:elaborates
section-069-11-4-error-handling-contract,claim-11-4-error-handling-contract-linearmissingendcursor-pagination-integrity-error,elaborates,elaborates,section-069-11-4-error-handling-contract->claim-11-4-error-handling-contract-linearmissingendcursor-pagination-integrity-error:elaborates
section-069-11-4-error-handling-contract,claim-11-4-error-handling-contract-candidate-fetch-failure-log-and-skip-dispatch-for-this-tick,elaborates,elaborates,section-069-11-4-error-handling-contract->claim-11-4-error-handling-contract-candidate-fetch-failure-log-and-skip-dispatch-for-this-tick:elaborates
section-069-11-4-error-handling-contract,claim-11-4-error-handling-contract-running-state-refresh-failure-log-and-keep-active-workers-running,elaborates,elaborates,section-069-11-4-error-handling-contract->claim-11-4-error-handling-contract-running-state-refresh-failure-log-and-keep-active-workers-running:elaborates
section-069-11-4-error-handling-contract,claim-11-4-error-handling-contract-startup-terminal-cleanup-failure-log-warning-and-continue-startup,elaborates,elaborates,section-069-11-4-error-handling-contract->claim-11-4-error-handling-contract-startup-terminal-cleanup-failure-log-warning-and-continue-startup:elaborates
section-070-11-5-tracker-writes-important-boundary,claim-11-5-tracker-writes-important-boundary-ticket-mutations-state-transitions-comments-pr-metadata-are-typically-handled-by,elaborates,elaborates,section-070-11-5-tracker-writes-important-boundary->claim-11-5-tracker-writes-important-boundary-ticket-mutations-state-transitions-comments-pr-metadata-are-typically-handled-by:elaborates
section-070-11-5-tracker-writes-important-boundary,claim-11-5-tracker-writes-important-boundary-the-service-remains-a-scheduler-runner-and-tracker-reader,elaborates,elaborates,section-070-11-5-tracker-writes-important-boundary->claim-11-5-tracker-writes-important-boundary-the-service-remains-a-scheduler-runner-and-tracker-reader:elaborates
section-070-11-5-tracker-writes-important-boundary,claim-11-5-tracker-writes-important-boundary-workflow-specific-success-often-means-reached-the-next-handoff-state-for-example,elaborates,elaborates,section-070-11-5-tracker-writes-important-boundary->claim-11-5-tracker-writes-important-boundary-workflow-specific-success-often-means-reached-the-next-handoff-state-for-example:elaborates
section-070-11-5-tracker-writes-important-boundary,dependency-11-5-tracker-writes-important-boundary-if-the-lineargraphql-client-side-tool-extension-is-implemented-it-is-still-part-,elaborates,elaborates,section-070-11-5-tracker-writes-important-boundary->dependency-11-5-tracker-writes-important-boundary-if-the-lineargraphql-client-side-tool-extension-is-implemented-it-is-still-part-:elaborates
section-072-12-1-inputs,claim-12-1-inputs-workflow-prompttemplate,elaborates,elaborates,section-072-12-1-inputs->claim-12-1-inputs-workflow-prompttemplate:elaborates
section-072-12-1-inputs,claim-12-1-inputs-normalized-issue-object,elaborates,elaborates,section-072-12-1-inputs->claim-12-1-inputs-normalized-issue-object:elaborates
section-072-12-1-inputs,requirement-12-1-inputs-optional-attempt-integer-retry-continuation-metadata,elaborates,elaborates,section-072-12-1-inputs->requirement-12-1-inputs-optional-attempt-integer-retry-continuation-metadata:elaborates
section-073-12-2-rendering-rules,claim-12-2-rendering-rules-render-with-strict-variable-checking,elaborates,elaborates,section-073-12-2-rendering-rules->claim-12-2-rendering-rules-render-with-strict-variable-checking:elaborates
section-073-12-2-rendering-rules,claim-12-2-rendering-rules-render-with-strict-filter-checking,elaborates,elaborates,section-073-12-2-rendering-rules->claim-12-2-rendering-rules-render-with-strict-filter-checking:elaborates
section-073-12-2-rendering-rules,claim-12-2-rendering-rules-convert-issue-object-keys-to-strings-for-template-compatibility,elaborates,elaborates,section-073-12-2-rendering-rules->claim-12-2-rendering-rules-convert-issue-object-keys-to-strings-for-template-compatibility:elaborates
section-073-12-2-rendering-rules,claim-12-2-rendering-rules-preserve-nested-arrays-maps-labels-blockers-so-templates-can-iterate,elaborates,elaborates,section-073-12-2-rendering-rules->claim-12-2-rendering-rules-preserve-nested-arrays-maps-labels-blockers-so-templates-can-iterate:elaborates
section-074-12-3-retry-continuation-semantics,requirement-12-3-retry-continuation-semantics-attempt-should-be-passed-to-the-template-because-the-workflow-prompt-can-provide,elaborates,elaborates,section-074-12-3-retry-continuation-semantics->requirement-12-3-retry-continuation-semantics-attempt-should-be-passed-to-the-template-because-the-workflow-prompt-can-provide:elaborates
section-074-12-3-retry-continuation-semantics,claim-12-3-retry-continuation-semantics-first-run-attempt-null-or-absent,elaborates,elaborates,section-074-12-3-retry-continuation-semantics->claim-12-3-retry-continuation-semantics-first-run-attempt-null-or-absent:elaborates
section-074-12-3-retry-continuation-semantics,claim-12-3-retry-continuation-semantics-continuation-run-after-a-successful-prior-session,elaborates,elaborates,section-074-12-3-retry-continuation-semantics->claim-12-3-retry-continuation-semantics-continuation-run-after-a-successful-prior-session:elaborates
section-074-12-3-retry-continuation-semantics,claim-12-3-retry-continuation-semantics-retry-after-error-timeout-stall,elaborates,elaborates,section-074-12-3-retry-continuation-semantics->claim-12-3-retry-continuation-semantics-retry-after-error-timeout-stall:elaborates
section-075-12-4-failure-semantics,risk-12-4-failure-semantics-fail-the-run-attempt-immediately,elaborates,elaborates,section-075-12-4-failure-semantics->risk-12-4-failure-semantics-fail-the-run-attempt-immediately:elaborates
section-075-12-4-failure-semantics,risk-12-4-failure-semantics-let-the-orchestrator-treat-it-like-any-other-worker-failure-and-decide-retry-beh,elaborates,elaborates,section-075-12-4-failure-semantics->risk-12-4-failure-semantics-let-the-orchestrator-treat-it-like-any-other-worker-failure-and-decide-retry-beh:elaborates
section-077-13-1-logging-conventions,requirement-13-1-logging-conventions-required-context-fields-for-issue-related-logs,elaborates,elaborates,section-077-13-1-logging-conventions->requirement-13-1-logging-conventions-required-context-fields-for-issue-related-logs:elaborates
section-077-13-1-logging-conventions,claim-13-1-logging-conventions-issueid,elaborates,elaborates,section-077-13-1-logging-conventions->claim-13-1-logging-conventions-issueid:elaborates
section-077-13-1-logging-conventions,claim-13-1-logging-conventions-issueidentifier,elaborates,elaborates,section-077-13-1-logging-conventions->claim-13-1-logging-conventions-issueidentifier:elaborates
section-077-13-1-logging-conventions,requirement-13-1-logging-conventions-required-context-for-coding-agent-session-lifecycle-logs,elaborates,elaborates,section-077-13-1-logging-conventions->requirement-13-1-logging-conventions-required-context-for-coding-agent-session-lifecycle-logs:elaborates
section-077-13-1-logging-conventions,claim-13-1-logging-conventions-sessionid,elaborates,elaborates,section-077-13-1-logging-conventions->claim-13-1-logging-conventions-sessionid:elaborates
section-077-13-1-logging-conventions,claim-13-1-logging-conventions-use-stable-key-value-phrasing,elaborates,elaborates,section-077-13-1-logging-conventions->claim-13-1-logging-conventions-use-stable-key-value-phrasing:elaborates
section-077-13-1-logging-conventions,claim-13-1-logging-conventions-include-action-outcome-completed-failed-retrying-etc,elaborates,elaborates,section-077-13-1-logging-conventions->claim-13-1-logging-conventions-include-action-outcome-completed-failed-retrying-etc:elaborates
section-077-13-1-logging-conventions,claim-13-1-logging-conventions-include-concise-failure-reason-when-present,elaborates,elaborates,section-077-13-1-logging-conventions->claim-13-1-logging-conventions-include-concise-failure-reason-when-present:elaborates
section-077-13-1-logging-conventions,claim-13-1-logging-conventions-avoid-logging-large-raw-payloads-unless-necessary,elaborates,elaborates,section-077-13-1-logging-conventions->claim-13-1-logging-conventions-avoid-logging-large-raw-payloads-unless-necessary:elaborates
section-078-13-2-logging-outputs-and-sinks,requirement-13-2-logging-outputs-and-sinks-operators-must-be-able-to-see-startup-validation-dispatch-failures-without-attac,elaborates,elaborates,section-078-13-2-logging-outputs-and-sinks->requirement-13-2-logging-outputs-and-sinks-operators-must-be-able-to-see-startup-validation-dispatch-failures-without-attac:elaborates
section-078-13-2-logging-outputs-and-sinks,requirement-13-2-logging-outputs-and-sinks-implementations-may-write-to-one-or-more-sinks,elaborates,elaborates,section-078-13-2-logging-outputs-and-sinks->requirement-13-2-logging-outputs-and-sinks-implementations-may-write-to-one-or-more-sinks:elaborates
section-078-13-2-logging-outputs-and-sinks,requirement-13-2-logging-outputs-and-sinks-if-a-configured-log-sink-fails-the-service-should-continue-running-when-possible,elaborates,elaborates,section-078-13-2-logging-outputs-and-sinks->requirement-13-2-logging-outputs-and-sinks-if-a-configured-log-sink-fails-the-service-should-continue-running-when-possible:elaborates
section-079-13-3-runtime-snapshot-monitoring-interface-optional-but-recommended,requirement-13-3-runtime-snapshot-monitoring-interface-optional-but-recommended-should-return,elaborates,elaborates,section-079-13-3-runtime-snapshot-monitoring-interface-optional-but-recommended->requirement-13-3-runtime-snapshot-monitoring-interface-optional-but-recommended-should-return:elaborates
section-079-13-3-runtime-snapshot-monitoring-interface-optional-but-recommended,claim-13-3-runtime-snapshot-monitoring-interface-optional-but-recommended-running-list-of-running-session-rows,elaborates,elaborates,section-079-13-3-runtime-snapshot-monitoring-interface-optional-but-recommended->claim-13-3-runtime-snapshot-monitoring-interface-optional-but-recommended-running-list-of-running-session-rows:elaborates
section-079-13-3-runtime-snapshot-monitoring-interface-optional-but-recommended,requirement-13-3-runtime-snapshot-monitoring-interface-optional-but-recommended-each-running-row-should-include-turncount,elaborates,elaborates,section-079-13-3-runtime-snapshot-monitoring-interface-optional-but-recommended->requirement-13-3-runtime-snapshot-monitoring-interface-optional-but-recommended-each-running-row-should-include-turncount:elaborates
section-079-13-3-runtime-snapshot-monitoring-interface-optional-but-recommended,claim-13-3-runtime-snapshot-monitoring-interface-optional-but-recommended-retrying-list-of-retry-queue-rows,elaborates,elaborates,section-079-13-3-runtime-snapshot-monitoring-interface-optional-but-recommended->claim-13-3-runtime-snapshot-monitoring-interface-optional-but-recommended-retrying-list-of-retry-queue-rows:elaborates
section-079-13-3-runtime-snapshot-monitoring-interface-optional-but-recommended,claim-13-3-runtime-snapshot-monitoring-interface-optional-but-recommended-codextotals,elaborates,elaborates,section-079-13-3-runtime-snapshot-monitoring-interface-optional-but-recommended->claim-13-3-runtime-snapshot-monitoring-interface-optional-but-recommended-codextotals:elaborates
section-079-13-3-runtime-snapshot-monitoring-interface-optional-but-recommended,claim-13-3-runtime-snapshot-monitoring-interface-optional-but-recommended-inputtokens,elaborates,elaborates,section-079-13-3-runtime-snapshot-monitoring-interface-optional-but-recommended->claim-13-3-runtime-snapshot-monitoring-interface-optional-but-recommended-inputtokens:elaborates
section-079-13-3-runtime-snapshot-monitoring-interface-optional-but-recommended,claim-13-3-runtime-snapshot-monitoring-interface-optional-but-recommended-outputtokens,elaborates,elaborates,section-079-13-3-runtime-snapshot-monitoring-interface-optional-but-recommended->claim-13-3-runtime-snapshot-monitoring-interface-optional-but-recommended-outputtokens:elaborates
section-079-13-3-runtime-snapshot-monitoring-interface-optional-but-recommended,claim-13-3-runtime-snapshot-monitoring-interface-optional-but-recommended-totaltokens,elaborates,elaborates,section-079-13-3-runtime-snapshot-monitoring-interface-optional-but-recommended->claim-13-3-runtime-snapshot-monitoring-interface-optional-but-recommended-totaltokens:elaborates
section-079-13-3-runtime-snapshot-monitoring-interface-optional-but-recommended,claim-13-3-runtime-snapshot-monitoring-interface-optional-but-recommended-secondsrunning-aggregate-runtime-seconds-as-of-snapshot-time-including-active-se,elaborates,elaborates,section-079-13-3-runtime-snapshot-monitoring-interface-optional-but-recommended->claim-13-3-runtime-snapshot-monitoring-interface-optional-but-recommended-secondsrunning-aggregate-runtime-seconds-as-of-snapshot-time-including-active-se:elaborates
section-079-13-3-runtime-snapshot-monitoring-interface-optional-but-recommended,claim-13-3-runtime-snapshot-monitoring-interface-optional-but-recommended-ratelimits-latest-coding-agent-rate-limit-payload-if-available,elaborates,elaborates,section-079-13-3-runtime-snapshot-monitoring-interface-optional-but-recommended->claim-13-3-runtime-snapshot-monitoring-interface-optional-but-recommended-ratelimits-latest-coding-agent-rate-limit-payload-if-available:elaborates
section-079-13-3-runtime-snapshot-monitoring-interface-optional-but-recommended,requirement-13-3-runtime-snapshot-monitoring-interface-optional-but-recommended-recommended-snapshot-error-modes,elaborates,elaborates,section-079-13-3-runtime-snapshot-monitoring-interface-optional-but-recommended->requirement-13-3-runtime-snapshot-monitoring-interface-optional-but-recommended-recommended-snapshot-error-modes:elaborates
section-079-13-3-runtime-snapshot-monitoring-interface-optional-but-recommended,claim-13-3-runtime-snapshot-monitoring-interface-optional-but-recommended-timeout,elaborates,elaborates,section-079-13-3-runtime-snapshot-monitoring-interface-optional-but-recommended->claim-13-3-runtime-snapshot-monitoring-interface-optional-but-recommended-timeout:elaborates
section-079-13-3-runtime-snapshot-monitoring-interface-optional-but-recommended,claim-13-3-runtime-snapshot-monitoring-interface-optional-but-recommended-unavailable,elaborates,elaborates,section-079-13-3-runtime-snapshot-monitoring-interface-optional-but-recommended->claim-13-3-runtime-snapshot-monitoring-interface-optional-but-recommended-unavailable:elaborates
section-080-13-4-optional-human-readable-status-surface,requirement-13-4-optional-human-readable-status-surface-a-human-readable-status-surface-terminal-output-dashboard-etc-is-optional-and,elaborates,elaborates,section-080-13-4-optional-human-readable-status-surface->requirement-13-4-optional-human-readable-status-surface-a-human-readable-status-surface-terminal-output-dashboard-etc-is-optional-and:elaborates
section-080-13-4-optional-human-readable-status-surface,requirement-13-4-optional-human-readable-status-surface-if-present-it-should-draw-from-orchestrator-state-metrics-only-and-must-not-be-r,elaborates,elaborates,section-080-13-4-optional-human-readable-status-surface->requirement-13-4-optional-human-readable-status-surface-if-present-it-should-draw-from-orchestrator-state-metrics-only-and-must-not-be-r:elaborates
section-081-13-5-session-metrics-and-token-accounting,claim-13-5-session-metrics-and-token-accounting-agent-events-can-include-token-counts-in-multiple-payload-shapes,elaborates,elaborates,section-081-13-5-session-metrics-and-token-accounting->claim-13-5-session-metrics-and-token-accounting-agent-events-can-include-token-counts-in-multiple-payload-shapes:elaborates
section-081-13-5-session-metrics-and-token-accounting,claim-13-5-session-metrics-and-token-accounting-prefer-absolute-thread-totals-when-available-such-as,elaborates,elaborates,section-081-13-5-session-metrics-and-token-accounting->claim-13-5-session-metrics-and-token-accounting-prefer-absolute-thread-totals-when-available-such-as:elaborates
section-081-13-5-session-metrics-and-token-accounting,claim-13-5-session-metrics-and-token-accounting-thread-tokenusage-updated-payloads,elaborates,elaborates,section-081-13-5-session-metrics-and-token-accounting->claim-13-5-session-metrics-and-token-accounting-thread-tokenusage-updated-payloads:elaborates
section-081-13-5-session-metrics-and-token-accounting,claim-13-5-session-metrics-and-token-accounting-totaltokenusage-within-token-count-wrapper-events,elaborates,elaborates,section-081-13-5-session-metrics-and-token-accounting->claim-13-5-session-metrics-and-token-accounting-totaltokenusage-within-token-count-wrapper-events:elaborates
section-081-13-5-session-metrics-and-token-accounting,dependency-13-5-session-metrics-and-token-accounting-ignore-delta-style-payloads-such-as-lasttokenusage-for-dashboard-api-totals,elaborates,elaborates,section-081-13-5-session-metrics-and-token-accounting->dependency-13-5-session-metrics-and-token-accounting-ignore-delta-style-payloads-such-as-lasttokenusage-for-dashboard-api-totals:elaborates
section-081-13-5-session-metrics-and-token-accounting,claim-13-5-session-metrics-and-token-accounting-extract-input-output-total-token-counts-leniently-from-common-field-names-within,elaborates,elaborates,section-081-13-5-session-metrics-and-token-accounting->claim-13-5-session-metrics-and-token-accounting-extract-input-output-total-token-counts-leniently-from-common-field-names-within:elaborates
section-081-13-5-session-metrics-and-token-accounting,claim-13-5-session-metrics-and-token-accounting-for-absolute-totals-track-deltas-relative-to-last-reported-totals-to-avoid-doubl,elaborates,elaborates,section-081-13-5-session-metrics-and-token-accounting->claim-13-5-session-metrics-and-token-accounting-for-absolute-totals-track-deltas-relative-to-last-reported-totals-to-avoid-doubl:elaborates
section-081-13-5-session-metrics-and-token-accounting,claim-13-5-session-metrics-and-token-accounting-do-not-treat-generic-usage-maps-as-cumulative-totals-unless-the-event-type-defin,elaborates,elaborates,section-081-13-5-session-metrics-and-token-accounting->claim-13-5-session-metrics-and-token-accounting-do-not-treat-generic-usage-maps-as-cumulative-totals-unless-the-event-type-defin:elaborates
section-081-13-5-session-metrics-and-token-accounting,claim-13-5-session-metrics-and-token-accounting-accumulate-aggregate-totals-in-orchestrator-state,elaborates,elaborates,section-081-13-5-session-metrics-and-token-accounting->claim-13-5-session-metrics-and-token-accounting-accumulate-aggregate-totals-in-orchestrator-state:elaborates
section-081-13-5-session-metrics-and-token-accounting,requirement-13-5-session-metrics-and-token-accounting-runtime-should-be-reported-as-a-live-aggregate-at-snapshot-render-time,elaborates,elaborates,section-081-13-5-session-metrics-and-token-accounting->requirement-13-5-session-metrics-and-token-accounting-runtime-should-be-reported-as-a-live-aggregate-at-snapshot-render-time:elaborates
section-081-13-5-session-metrics-and-token-accounting,requirement-13-5-session-metrics-and-token-accounting-implementations-may-maintain-a-cumulative-counter-for-ended-sessions-and-add-act,elaborates,elaborates,section-081-13-5-session-metrics-and-token-accounting->requirement-13-5-session-metrics-and-token-accounting-implementations-may-maintain-a-cumulative-counter-for-ended-sessions-and-add-act:elaborates
section-081-13-5-session-metrics-and-token-accounting,claim-13-5-session-metrics-and-token-accounting-add-run-duration-seconds-to-the-cumulative-ended-session-runtime-when-a-session-,elaborates,elaborates,section-081-13-5-session-metrics-and-token-accounting->claim-13-5-session-metrics-and-token-accounting-add-run-duration-seconds-to-the-cumulative-ended-session-runtime-when-a-session-:elaborates
section-081-13-5-session-metrics-and-token-accounting,requirement-13-5-session-metrics-and-token-accounting-continuous-background-ticking-of-runtime-totals-is-not-required,elaborates,elaborates,section-081-13-5-session-metrics-and-token-accounting->requirement-13-5-session-metrics-and-token-accounting-continuous-background-ticking-of-runtime-totals-is-not-required:elaborates
section-081-13-5-session-metrics-and-token-accounting,claim-13-5-session-metrics-and-token-accounting-track-the-latest-rate-limit-payload-seen-in-any-agent-update,elaborates,elaborates,section-081-13-5-session-metrics-and-token-accounting->claim-13-5-session-metrics-and-token-accounting-track-the-latest-rate-limit-payload-seen-in-any-agent-update:elaborates
section-081-13-5-session-metrics-and-token-accounting,claim-13-5-session-metrics-and-token-accounting-any-human-readable-presentation-of-rate-limit-data-is-implementation-defined,elaborates,elaborates,section-081-13-5-session-metrics-and-token-accounting->claim-13-5-session-metrics-and-token-accounting-any-human-readable-presentation-of-rate-limit-data-is-implementation-defined:elaborates
section-082-13-6-humanized-agent-event-summaries-optional,requirement-13-6-humanized-agent-event-summaries-optional-humanized-summaries-of-raw-agent-protocol-events-are-optional,elaborates,elaborates,section-082-13-6-humanized-agent-event-summaries-optional->requirement-13-6-humanized-agent-event-summaries-optional-humanized-summaries-of-raw-agent-protocol-events-are-optional:elaborates
section-082-13-6-humanized-agent-event-summaries-optional,claim-13-6-humanized-agent-event-summaries-optional-treat-them-as-observability-only-output,elaborates,elaborates,section-082-13-6-humanized-agent-event-summaries-optional->claim-13-6-humanized-agent-event-summaries-optional-treat-them-as-observability-only-output:elaborates
section-082-13-6-humanized-agent-event-summaries-optional,claim-13-6-humanized-agent-event-summaries-optional-do-not-make-orchestrator-logic-depend-on-humanized-strings,elaborates,elaborates,section-082-13-6-humanized-agent-event-summaries-optional->claim-13-6-humanized-agent-event-summaries-optional-do-not-make-orchestrator-logic-depend-on-humanized-strings:elaborates
section-083-13-7-optional-http-server-extension,requirement-13-7-optional-http-server-extension-this-section-defines-an-optional-http-interface-for-observability-and-operationa,elaborates,elaborates,section-083-13-7-optional-http-server-extension->requirement-13-7-optional-http-server-extension-this-section-defines-an-optional-http-interface-for-observability-and-operationa:elaborates
section-083-13-7-optional-http-server-extension,requirement-13-7-optional-http-server-extension-the-http-server-is-an-extension-and-is-not-required-for-conformance,elaborates,elaborates,section-083-13-7-optional-http-server-extension->requirement-13-7-optional-http-server-extension-the-http-server-is-an-extension-and-is-not-required-for-conformance:elaborates
section-083-13-7-optional-http-server-extension,requirement-13-7-optional-http-server-extension-the-implementation-may-serve-server-rendered-html-or-a-client-side-application-f,elaborates,elaborates,section-083-13-7-optional-http-server-extension->requirement-13-7-optional-http-server-extension-the-implementation-may-serve-server-rendered-html-or-a-client-side-application-f:elaborates
section-083-13-7-optional-http-server-extension,requirement-13-7-optional-http-server-extension-the-dashboard-api-must-be-observability-control-surfaces-only-and-must-not-becom,elaborates,elaborates,section-083-13-7-optional-http-server-extension->requirement-13-7-optional-http-server-extension-the-dashboard-api-must-be-observability-control-surfaces-only-and-must-not-becom:elaborates
section-083-13-7-optional-http-server-extension,requirement-13-7-optional-http-server-extension-server-port-integer-optional,elaborates,elaborates,section-083-13-7-optional-http-server-extension->requirement-13-7-optional-http-server-extension-server-port-integer-optional:elaborates
section-083-13-7-optional-http-server-extension,claim-13-7-optional-http-server-extension-enables-the-http-server-extension,elaborates,elaborates,section-083-13-7-optional-http-server-extension->claim-13-7-optional-http-server-extension-enables-the-http-server-extension:elaborates
section-083-13-7-optional-http-server-extension,claim-13-7-optional-http-server-extension-0-requests-an-ephemeral-port-for-local-development-and-tests,elaborates,elaborates,section-083-13-7-optional-http-server-extension->claim-13-7-optional-http-server-extension-0-requests-an-ephemeral-port-for-local-development-and-tests:elaborates
section-083-13-7-optional-http-server-extension,dependency-13-7-optional-http-server-extension-cli-port-overrides-server-port-when-both-are-present,elaborates,elaborates,section-083-13-7-optional-http-server-extension->dependency-13-7-optional-http-server-extension-cli-port-overrides-server-port-when-both-are-present:elaborates
section-083-13-7-optional-http-server-extension,dependency-13-7-optional-http-server-extension-start-the-http-server-when-a-cli-port-argument-is-provided,elaborates,elaborates,section-083-13-7-optional-http-server-extension->dependency-13-7-optional-http-server-extension-start-the-http-server-when-a-cli-port-argument-is-provided:elaborates
section-083-13-7-optional-http-server-extension,claim-13-7-optional-http-server-extension-start-the-http-server-when-server-port-is-present-in-workflow-md-front-matter,elaborates,elaborates,section-083-13-7-optional-http-server-extension->claim-13-7-optional-http-server-extension-start-the-http-server-when-server-port-is-present-in-workflow-md-front-matter:elaborates
section-083-13-7-optional-http-server-extension,claim-13-7-optional-http-server-extension-the-server-top-level-key-is-owned-by-this-extension,elaborates,elaborates,section-083-13-7-optional-http-server-extension->claim-13-7-optional-http-server-extension-the-server-top-level-key-is-owned-by-this-extension:elaborates
section-083-13-7-optional-http-server-extension,claim-13-7-optional-http-server-extension-positive-server-port-values-bind-that-port,elaborates,elaborates,section-083-13-7-optional-http-server-extension->claim-13-7-optional-http-server-extension-positive-server-port-values-bind-that-port:elaborates
section-083-13-7-optional-http-server-extension,requirement-13-7-optional-http-server-extension-implementations-should-bind-loopback-by-default-127-0-0-1-or-host-equivalent-unl,elaborates,elaborates,section-083-13-7-optional-http-server-extension->requirement-13-7-optional-http-server-extension-implementations-should-bind-loopback-by-default-127-0-0-1-or-host-equivalent-unl:elaborates
section-083-13-7-optional-http-server-extension,requirement-13-7-optional-http-server-extension-changes-to-http-listener-settings-for-example-server-port-do-not-need-to-hot-reb,elaborates,elaborates,section-083-13-7-optional-http-server-extension->requirement-13-7-optional-http-server-extension-changes-to-http-listener-settings-for-example-server-port-do-not-need-to-hot-reb:elaborates
section-084-13-7-1-human-readable-dashboard,dependency-13-7-1-human-readable-dashboard-host-a-human-readable-dashboard-at,elaborates,elaborates,section-084-13-7-1-human-readable-dashboard->dependency-13-7-1-human-readable-dashboard-host-a-human-readable-dashboard-at:elaborates
section-084-13-7-1-human-readable-dashboard,requirement-13-7-1-human-readable-dashboard-the-returned-document-should-depict-the-current-state-of-the-system-for-example-,elaborates,elaborates,section-084-13-7-1-human-readable-dashboard->requirement-13-7-1-human-readable-dashboard-the-returned-document-should-depict-the-current-state-of-the-system-for-example-:elaborates
section-084-13-7-1-human-readable-dashboard,dependency-13-7-1-human-readable-dashboard-it-is-up-to-the-implementation-whether-this-is-server-generated-html-or-a-client,elaborates,elaborates,section-084-13-7-1-human-readable-dashboard->dependency-13-7-1-human-readable-dashboard-it-is-up-to-the-implementation-whether-this-is-server-generated-html-or-a-client:elaborates
section-085-13-7-2-json-rest-api-api-v1,dependency-13-7-2-json-rest-api-api-v1-get-api-v1-state,elaborates,elaborates,section-085-13-7-2-json-rest-api-api-v1->dependency-13-7-2-json-rest-api-api-v1-get-api-v1-state:elaborates
section-085-13-7-2-json-rest-api-api-v1,dependency-13-7-2-json-rest-api-api-v1-returns-a-summary-view-of-the-current-system-state-running-sessions-retry-queue-,elaborates,elaborates,section-085-13-7-2-json-rest-api-api-v1->dependency-13-7-2-json-rest-api-api-v1-returns-a-summary-view-of-the-current-system-state-running-sessions-retry-queue-:elaborates
section-085-13-7-2-json-rest-api-api-v1,dependency-13-7-2-json-rest-api-api-v1-suggested-response-shape,elaborates,elaborates,section-085-13-7-2-json-rest-api-api-v1->dependency-13-7-2-json-rest-api-api-v1-suggested-response-shape:elaborates
section-085-13-7-2-json-rest-api-api-v1,dependency-13-7-2-json-rest-api-api-v1-get-api-v1-issueidentifier,elaborates,elaborates,section-085-13-7-2-json-rest-api-api-v1->dependency-13-7-2-json-rest-api-api-v1-get-api-v1-issueidentifier:elaborates
section-085-13-7-2-json-rest-api-api-v1,dependency-13-7-2-json-rest-api-api-v1-returns-issue-specific-runtime-debug-details-for-the-identified-issue-including-,elaborates,elaborates,section-085-13-7-2-json-rest-api-api-v1->dependency-13-7-2-json-rest-api-api-v1-returns-issue-specific-runtime-debug-details-for-the-identified-issue-including-:elaborates
section-085-13-7-2-json-rest-api-api-v1,dependency-13-7-2-json-rest-api-api-v1-suggested-response-shape-2,elaborates,elaborates,section-085-13-7-2-json-rest-api-api-v1->dependency-13-7-2-json-rest-api-api-v1-suggested-response-shape-2:elaborates
section-085-13-7-2-json-rest-api-api-v1,dependency-13-7-2-json-rest-api-api-v1-if-the-issue-is-unknown-to-the-current-in-memory-state-return-404-with-an-error-,elaborates,elaborates,section-085-13-7-2-json-rest-api-api-v1->dependency-13-7-2-json-rest-api-api-v1-if-the-issue-is-unknown-to-the-current-in-memory-state-return-404-with-an-error-:elaborates
section-085-13-7-2-json-rest-api-api-v1,dependency-13-7-2-json-rest-api-api-v1-post-api-v1-refresh,elaborates,elaborates,section-085-13-7-2-json-rest-api-api-v1->dependency-13-7-2-json-rest-api-api-v1-post-api-v1-refresh:elaborates
section-085-13-7-2-json-rest-api-api-v1,dependency-13-7-2-json-rest-api-api-v1-queues-an-immediate-tracker-poll-reconciliation-cycle-best-effort-trigger-implem,elaborates,elaborates,section-085-13-7-2-json-rest-api-api-v1->dependency-13-7-2-json-rest-api-api-v1-queues-an-immediate-tracker-poll-reconciliation-cycle-best-effort-trigger-implem:elaborates
section-085-13-7-2-json-rest-api-api-v1,dependency-13-7-2-json-rest-api-api-v1-suggested-request-body-empty-body-or,elaborates,elaborates,section-085-13-7-2-json-rest-api-api-v1->dependency-13-7-2-json-rest-api-api-v1-suggested-request-body-empty-body-or:elaborates
section-085-13-7-2-json-rest-api-api-v1,dependency-13-7-2-json-rest-api-api-v1-suggested-response-202-accepted-shape,elaborates,elaborates,section-085-13-7-2-json-rest-api-api-v1->dependency-13-7-2-json-rest-api-api-v1-suggested-response-202-accepted-shape:elaborates
section-085-13-7-2-json-rest-api-api-v1,dependency-13-7-2-json-rest-api-api-v1-the-json-shapes-above-are-the-recommended-baseline-for-interoperability-and-debu,elaborates,elaborates,section-085-13-7-2-json-rest-api-api-v1->dependency-13-7-2-json-rest-api-api-v1-the-json-shapes-above-are-the-recommended-baseline-for-interoperability-and-debu:elaborates
section-085-13-7-2-json-rest-api-api-v1,dependency-13-7-2-json-rest-api-api-v1-implementations-may-add-fields-but-should-avoid-breaking-existing-fields-within-,elaborates,elaborates,section-085-13-7-2-json-rest-api-api-v1->dependency-13-7-2-json-rest-api-api-v1-implementations-may-add-fields-but-should-avoid-breaking-existing-fields-within-:elaborates
section-085-13-7-2-json-rest-api-api-v1,dependency-13-7-2-json-rest-api-api-v1-endpoints-should-be-read-only-except-for-operational-triggers-like-refresh,elaborates,elaborates,section-085-13-7-2-json-rest-api-api-v1->dependency-13-7-2-json-rest-api-api-v1-endpoints-should-be-read-only-except-for-operational-triggers-like-refresh:elaborates
section-085-13-7-2-json-rest-api-api-v1,dependency-13-7-2-json-rest-api-api-v1-unsupported-methods-on-defined-routes-should-return-405-method-not-allowed,elaborates,elaborates,section-085-13-7-2-json-rest-api-api-v1->dependency-13-7-2-json-rest-api-api-v1-unsupported-methods-on-defined-routes-should-return-405-method-not-allowed:elaborates
section-085-13-7-2-json-rest-api-api-v1,dependency-13-7-2-json-rest-api-api-v1-api-errors-should-use-a-json-envelope-such-as-error-code-message,elaborates,elaborates,section-085-13-7-2-json-rest-api-api-v1->dependency-13-7-2-json-rest-api-api-v1-api-errors-should-use-a-json-envelope-such-as-error-code-message:elaborates
section-085-13-7-2-json-rest-api-api-v1,dependency-13-7-2-json-rest-api-api-v1-if-the-dashboard-is-a-client-side-app-it-should-consume-this-api-rather-than-dup,elaborates,elaborates,section-085-13-7-2-json-rest-api-api-v1->dependency-13-7-2-json-rest-api-api-v1-if-the-dashboard-is-a-client-side-app-it-should-consume-this-api-rather-than-dup:elaborates
section-087-14-1-failure-classes,risk-14-1-failure-classes-missing-workflow-md,elaborates,elaborates,section-087-14-1-failure-classes->risk-14-1-failure-classes-missing-workflow-md:elaborates
section-087-14-1-failure-classes,risk-14-1-failure-classes-invalid-yaml-front-matter,elaborates,elaborates,section-087-14-1-failure-classes->risk-14-1-failure-classes-invalid-yaml-front-matter:elaborates
section-087-14-1-failure-classes,risk-14-1-failure-classes-unsupported-tracker-kind-or-missing-tracker-credentials-project-slug,elaborates,elaborates,section-087-14-1-failure-classes->risk-14-1-failure-classes-unsupported-tracker-kind-or-missing-tracker-credentials-project-slug:elaborates
section-087-14-1-failure-classes,risk-14-1-failure-classes-missing-coding-agent-executable,elaborates,elaborates,section-087-14-1-failure-classes->risk-14-1-failure-classes-missing-coding-agent-executable:elaborates
section-087-14-1-failure-classes,risk-14-1-failure-classes-workspace-directory-creation-failure,elaborates,elaborates,section-087-14-1-failure-classes->risk-14-1-failure-classes-workspace-directory-creation-failure:elaborates
section-087-14-1-failure-classes,risk-14-1-failure-classes-workspace-population-synchronization-failure-implementation-defined-can-come-fro,elaborates,elaborates,section-087-14-1-failure-classes->risk-14-1-failure-classes-workspace-population-synchronization-failure-implementation-defined-can-come-fro:elaborates
section-087-14-1-failure-classes,risk-14-1-failure-classes-invalid-workspace-path-configuration,elaborates,elaborates,section-087-14-1-failure-classes->risk-14-1-failure-classes-invalid-workspace-path-configuration:elaborates
section-087-14-1-failure-classes,risk-14-1-failure-classes-hook-timeout-failure,elaborates,elaborates,section-087-14-1-failure-classes->risk-14-1-failure-classes-hook-timeout-failure:elaborates
section-087-14-1-failure-classes,risk-14-1-failure-classes-startup-handshake-failure,elaborates,elaborates,section-087-14-1-failure-classes->risk-14-1-failure-classes-startup-handshake-failure:elaborates
section-087-14-1-failure-classes,risk-14-1-failure-classes-turn-failed-cancelled,elaborates,elaborates,section-087-14-1-failure-classes->risk-14-1-failure-classes-turn-failed-cancelled:elaborates
section-087-14-1-failure-classes,risk-14-1-failure-classes-turn-timeout,elaborates,elaborates,section-087-14-1-failure-classes->risk-14-1-failure-classes-turn-timeout:elaborates
section-087-14-1-failure-classes,risk-14-1-failure-classes-user-input-requested-and-handled-as-failure-by-the-implementation-s-documented-p,elaborates,elaborates,section-087-14-1-failure-classes->risk-14-1-failure-classes-user-input-requested-and-handled-as-failure-by-the-implementation-s-documented-p:elaborates
section-087-14-1-failure-classes,risk-14-1-failure-classes-subprocess-exit,elaborates,elaborates,section-087-14-1-failure-classes->risk-14-1-failure-classes-subprocess-exit:elaborates
section-087-14-1-failure-classes,risk-14-1-failure-classes-stalled-session-no-activity,elaborates,elaborates,section-087-14-1-failure-classes->risk-14-1-failure-classes-stalled-session-no-activity:elaborates
section-087-14-1-failure-classes,risk-14-1-failure-classes-api-transport-errors,elaborates,elaborates,section-087-14-1-failure-classes->risk-14-1-failure-classes-api-transport-errors:elaborates
section-087-14-1-failure-classes,risk-14-1-failure-classes-non-200-status,elaborates,elaborates,section-087-14-1-failure-classes->risk-14-1-failure-classes-non-200-status:elaborates
section-087-14-1-failure-classes,risk-14-1-failure-classes-graphql-errors,elaborates,elaborates,section-087-14-1-failure-classes->risk-14-1-failure-classes-graphql-errors:elaborates
section-087-14-1-failure-classes,risk-14-1-failure-classes-malformed-payloads,elaborates,elaborates,section-087-14-1-failure-classes->risk-14-1-failure-classes-malformed-payloads:elaborates
section-087-14-1-failure-classes,risk-14-1-failure-classes-snapshot-timeout,elaborates,elaborates,section-087-14-1-failure-classes->risk-14-1-failure-classes-snapshot-timeout:elaborates
section-087-14-1-failure-classes,risk-14-1-failure-classes-dashboard-render-errors,elaborates,elaborates,section-087-14-1-failure-classes->risk-14-1-failure-classes-dashboard-render-errors:elaborates
section-087-14-1-failure-classes,risk-14-1-failure-classes-log-sink-configuration-failure,elaborates,elaborates,section-087-14-1-failure-classes->risk-14-1-failure-classes-log-sink-configuration-failure:elaborates
section-088-14-2-recovery-behavior,risk-14-2-recovery-behavior-dispatch-validation-failures,elaborates,elaborates,section-088-14-2-recovery-behavior->risk-14-2-recovery-behavior-dispatch-validation-failures:elaborates
section-088-14-2-recovery-behavior,risk-14-2-recovery-behavior-skip-new-dispatches,elaborates,elaborates,section-088-14-2-recovery-behavior->risk-14-2-recovery-behavior-skip-new-dispatches:elaborates
section-088-14-2-recovery-behavior,risk-14-2-recovery-behavior-keep-service-alive,elaborates,elaborates,section-088-14-2-recovery-behavior->risk-14-2-recovery-behavior-keep-service-alive:elaborates
section-088-14-2-recovery-behavior,risk-14-2-recovery-behavior-continue-reconciliation-where-possible,elaborates,elaborates,section-088-14-2-recovery-behavior->risk-14-2-recovery-behavior-continue-reconciliation-where-possible:elaborates
section-088-14-2-recovery-behavior,risk-14-2-recovery-behavior-worker-failures,elaborates,elaborates,section-088-14-2-recovery-behavior->risk-14-2-recovery-behavior-worker-failures:elaborates
section-088-14-2-recovery-behavior,risk-14-2-recovery-behavior-convert-to-retries-with-exponential-backoff,elaborates,elaborates,section-088-14-2-recovery-behavior->risk-14-2-recovery-behavior-convert-to-retries-with-exponential-backoff:elaborates
section-088-14-2-recovery-behavior,risk-14-2-recovery-behavior-tracker-candidate-fetch-failures,elaborates,elaborates,section-088-14-2-recovery-behavior->risk-14-2-recovery-behavior-tracker-candidate-fetch-failures:elaborates
section-088-14-2-recovery-behavior,risk-14-2-recovery-behavior-skip-this-tick,elaborates,elaborates,section-088-14-2-recovery-behavior->risk-14-2-recovery-behavior-skip-this-tick:elaborates
section-088-14-2-recovery-behavior,risk-14-2-recovery-behavior-try-again-on-next-tick,elaborates,elaborates,section-088-14-2-recovery-behavior->risk-14-2-recovery-behavior-try-again-on-next-tick:elaborates
section-088-14-2-recovery-behavior,risk-14-2-recovery-behavior-reconciliation-state-refresh-failures,elaborates,elaborates,section-088-14-2-recovery-behavior->risk-14-2-recovery-behavior-reconciliation-state-refresh-failures:elaborates
section-088-14-2-recovery-behavior,risk-14-2-recovery-behavior-keep-current-workers,elaborates,elaborates,section-088-14-2-recovery-behavior->risk-14-2-recovery-behavior-keep-current-workers:elaborates
section-088-14-2-recovery-behavior,risk-14-2-recovery-behavior-retry-on-next-tick,elaborates,elaborates,section-088-14-2-recovery-behavior->risk-14-2-recovery-behavior-retry-on-next-tick:elaborates
section-088-14-2-recovery-behavior,risk-14-2-recovery-behavior-dashboard-log-failures,elaborates,elaborates,section-088-14-2-recovery-behavior->risk-14-2-recovery-behavior-dashboard-log-failures:elaborates
section-088-14-2-recovery-behavior,risk-14-2-recovery-behavior-do-not-crash-the-orchestrator,elaborates,elaborates,section-088-14-2-recovery-behavior->risk-14-2-recovery-behavior-do-not-crash-the-orchestrator:elaborates
section-089-14-3-partial-state-recovery-restart,risk-14-3-partial-state-recovery-restart-no-retry-timers-are-restored-from-prior-process-memory,elaborates,elaborates,section-089-14-3-partial-state-recovery-restart->risk-14-3-partial-state-recovery-restart-no-retry-timers-are-restored-from-prior-process-memory:elaborates
section-089-14-3-partial-state-recovery-restart,risk-14-3-partial-state-recovery-restart-no-running-sessions-are-assumed-recoverable,elaborates,elaborates,section-089-14-3-partial-state-recovery-restart->risk-14-3-partial-state-recovery-restart-no-running-sessions-are-assumed-recoverable:elaborates
section-089-14-3-partial-state-recovery-restart,risk-14-3-partial-state-recovery-restart-service-recovers-by,elaborates,elaborates,section-089-14-3-partial-state-recovery-restart->risk-14-3-partial-state-recovery-restart-service-recovers-by:elaborates
section-089-14-3-partial-state-recovery-restart,risk-14-3-partial-state-recovery-restart-startup-terminal-workspace-cleanup,elaborates,elaborates,section-089-14-3-partial-state-recovery-restart->risk-14-3-partial-state-recovery-restart-startup-terminal-workspace-cleanup:elaborates
section-089-14-3-partial-state-recovery-restart,risk-14-3-partial-state-recovery-restart-fresh-polling-of-active-issues,elaborates,elaborates,section-089-14-3-partial-state-recovery-restart->risk-14-3-partial-state-recovery-restart-fresh-polling-of-active-issues:elaborates
section-089-14-3-partial-state-recovery-restart,risk-14-3-partial-state-recovery-restart-re-dispatching-eligible-work,elaborates,elaborates,section-089-14-3-partial-state-recovery-restart->risk-14-3-partial-state-recovery-restart-re-dispatching-eligible-work:elaborates
section-090-14-4-operator-intervention-points,claim-14-4-operator-intervention-points-editing-workflow-md-prompt-and-most-runtime-settings,elaborates,elaborates,section-090-14-4-operator-intervention-points->claim-14-4-operator-intervention-points-editing-workflow-md-prompt-and-most-runtime-settings:elaborates
section-090-14-4-operator-intervention-points,claim-14-4-operator-intervention-points-workflow-md-changes-are-detected-and-re-applied-automatically-without-restart-ac,elaborates,elaborates,section-090-14-4-operator-intervention-points->claim-14-4-operator-intervention-points-workflow-md-changes-are-detected-and-re-applied-automatically-without-restart-ac:elaborates
section-090-14-4-operator-intervention-points,claim-14-4-operator-intervention-points-changing-issue-states-in-the-tracker,elaborates,elaborates,section-090-14-4-operator-intervention-points->claim-14-4-operator-intervention-points-changing-issue-states-in-the-tracker:elaborates
section-090-14-4-operator-intervention-points,claim-14-4-operator-intervention-points-terminal-state-running-session-is-stopped-and-workspace-cleaned-when-reconciled,elaborates,elaborates,section-090-14-4-operator-intervention-points->claim-14-4-operator-intervention-points-terminal-state-running-session-is-stopped-and-workspace-cleaned-when-reconciled:elaborates
section-090-14-4-operator-intervention-points,claim-14-4-operator-intervention-points-non-active-state-running-session-is-stopped-without-cleanup,elaborates,elaborates,section-090-14-4-operator-intervention-points->claim-14-4-operator-intervention-points-non-active-state-running-session-is-stopped-without-cleanup:elaborates
section-090-14-4-operator-intervention-points,claim-14-4-operator-intervention-points-restarting-the-service-for-process-recovery-or-deployment-not-as-the-normal-path,elaborates,elaborates,section-090-14-4-operator-intervention-points->claim-14-4-operator-intervention-points-restarting-the-service-for-process-recovery-or-deployment-not-as-the-normal-path:elaborates
section-092-15-1-trust-boundary-assumption,risk-15-1-trust-boundary-assumption-implementations-should-state-clearly-whether-they-are-intended-for-trusted-envir,elaborates,elaborates,section-092-15-1-trust-boundary-assumption->risk-15-1-trust-boundary-assumption-implementations-should-state-clearly-whether-they-are-intended-for-trusted-envir:elaborates
section-092-15-1-trust-boundary-assumption,risk-15-1-trust-boundary-assumption-implementations-should-state-clearly-whether-they-rely-on-auto-approved-actions-,elaborates,elaborates,section-092-15-1-trust-boundary-assumption->risk-15-1-trust-boundary-assumption-implementations-should-state-clearly-whether-they-rely-on-auto-approved-actions-:elaborates
section-092-15-1-trust-boundary-assumption,risk-15-1-trust-boundary-assumption-workspace-isolation-and-path-validation-are-important-baseline-controls-but-they,elaborates,elaborates,section-092-15-1-trust-boundary-assumption->risk-15-1-trust-boundary-assumption-workspace-isolation-and-path-validation-are-important-baseline-controls-but-they:elaborates
section-093-15-2-filesystem-safety-requirements,risk-15-2-filesystem-safety-requirements-workspace-path-must-remain-under-configured-workspace-root,elaborates,elaborates,section-093-15-2-filesystem-safety-requirements->risk-15-2-filesystem-safety-requirements-workspace-path-must-remain-under-configured-workspace-root:elaborates
section-093-15-2-filesystem-safety-requirements,risk-15-2-filesystem-safety-requirements-coding-agent-cwd-must-be-the-per-issue-workspace-path-for-the-current-run,elaborates,elaborates,section-093-15-2-filesystem-safety-requirements->risk-15-2-filesystem-safety-requirements-coding-agent-cwd-must-be-the-per-issue-workspace-path-for-the-current-run:elaborates
section-093-15-2-filesystem-safety-requirements,risk-15-2-filesystem-safety-requirements-workspace-directory-names-must-use-sanitized-identifiers,elaborates,elaborates,section-093-15-2-filesystem-safety-requirements->risk-15-2-filesystem-safety-requirements-workspace-directory-names-must-use-sanitized-identifiers:elaborates
section-093-15-2-filesystem-safety-requirements,risk-15-2-filesystem-safety-requirements-recommended-additional-hardening-for-ports,elaborates,elaborates,section-093-15-2-filesystem-safety-requirements->risk-15-2-filesystem-safety-requirements-recommended-additional-hardening-for-ports:elaborates
section-093-15-2-filesystem-safety-requirements,risk-15-2-filesystem-safety-requirements-run-under-a-dedicated-os-user,elaborates,elaborates,section-093-15-2-filesystem-safety-requirements->risk-15-2-filesystem-safety-requirements-run-under-a-dedicated-os-user:elaborates
section-093-15-2-filesystem-safety-requirements,risk-15-2-filesystem-safety-requirements-restrict-workspace-root-permissions,elaborates,elaborates,section-093-15-2-filesystem-safety-requirements->risk-15-2-filesystem-safety-requirements-restrict-workspace-root-permissions:elaborates
section-093-15-2-filesystem-safety-requirements,risk-15-2-filesystem-safety-requirements-mount-workspace-root-on-a-dedicated-volume-if-possible,elaborates,elaborates,section-093-15-2-filesystem-safety-requirements->risk-15-2-filesystem-safety-requirements-mount-workspace-root-on-a-dedicated-volume-if-possible:elaborates
section-094-15-3-secret-handling,claim-15-3-secret-handling-support-var-indirection-in-workflow-config,elaborates,elaborates,section-094-15-3-secret-handling->claim-15-3-secret-handling-support-var-indirection-in-workflow-config:elaborates
section-094-15-3-secret-handling,dependency-15-3-secret-handling-do-not-log-api-tokens-or-secret-env-values,elaborates,elaborates,section-094-15-3-secret-handling->dependency-15-3-secret-handling-do-not-log-api-tokens-or-secret-env-values:elaborates
section-094-15-3-secret-handling,test-15-3-secret-handling-validate-presence-of-secrets-without-printing-them,elaborates,elaborates,section-094-15-3-secret-handling->test-15-3-secret-handling-validate-presence-of-secrets-without-printing-them:elaborates
section-095-15-4-hook-script-safety,risk-15-4-hook-script-safety-hooks-are-fully-trusted-configuration,elaborates,elaborates,section-095-15-4-hook-script-safety->risk-15-4-hook-script-safety-hooks-are-fully-trusted-configuration:elaborates
section-095-15-4-hook-script-safety,risk-15-4-hook-script-safety-hooks-run-inside-the-workspace-directory,elaborates,elaborates,section-095-15-4-hook-script-safety->risk-15-4-hook-script-safety-hooks-run-inside-the-workspace-directory:elaborates
section-095-15-4-hook-script-safety,risk-15-4-hook-script-safety-hook-output-should-be-truncated-in-logs,elaborates,elaborates,section-095-15-4-hook-script-safety->risk-15-4-hook-script-safety-hook-output-should-be-truncated-in-logs:elaborates
section-095-15-4-hook-script-safety,risk-15-4-hook-script-safety-hook-timeouts-are-required-to-avoid-hanging-the-orchestrator,elaborates,elaborates,section-095-15-4-hook-script-safety->risk-15-4-hook-script-safety-hook-timeouts-are-required-to-avoid-hanging-the-orchestrator:elaborates
section-096-15-5-harness-hardening-guidance,risk-15-5-harness-hardening-guidance-implementations-should-explicitly-evaluate-their-own-risk-profile-and-harden-the,elaborates,elaborates,section-096-15-5-harness-hardening-guidance->risk-15-5-harness-hardening-guidance-implementations-should-explicitly-evaluate-their-own-risk-profile-and-harden-the:elaborates
section-096-15-5-harness-hardening-guidance,risk-15-5-harness-hardening-guidance-implementations-should-not-assume-that-tracker-data-repository-contents-prompt-i,elaborates,elaborates,section-096-15-5-harness-hardening-guidance->risk-15-5-harness-hardening-guidance-implementations-should-not-assume-that-tracker-data-repository-contents-prompt-i:elaborates
section-096-15-5-harness-hardening-guidance,risk-15-5-harness-hardening-guidance-tightening-codex-approval-and-sandbox-settings-described-elsewhere-in-this-speci,elaborates,elaborates,section-096-15-5-harness-hardening-guidance->risk-15-5-harness-hardening-guidance-tightening-codex-approval-and-sandbox-settings-described-elsewhere-in-this-speci:elaborates
section-096-15-5-harness-hardening-guidance,risk-15-5-harness-hardening-guidance-adding-external-isolation-layers-such-as-os-container-vm-sandboxing-network-rest,elaborates,elaborates,section-096-15-5-harness-hardening-guidance->risk-15-5-harness-hardening-guidance-adding-external-isolation-layers-such-as-os-container-vm-sandboxing-network-rest:elaborates
section-096-15-5-harness-hardening-guidance,risk-15-5-harness-hardening-guidance-filtering-which-linear-issues-projects-teams-labels-or-other-tracker-sources-are,elaborates,elaborates,section-096-15-5-harness-hardening-guidance->risk-15-5-harness-hardening-guidance-filtering-which-linear-issues-projects-teams-labels-or-other-tracker-sources-are:elaborates
section-096-15-5-harness-hardening-guidance,risk-15-5-harness-hardening-guidance-narrowing-the-lineargraphql-tool-so-it-can-only-read-or-mutate-data-inside-the-i,elaborates,elaborates,section-096-15-5-harness-hardening-guidance->risk-15-5-harness-hardening-guidance-narrowing-the-lineargraphql-tool-so-it-can-only-read-or-mutate-data-inside-the-i:elaborates
section-096-15-5-harness-hardening-guidance,risk-15-5-harness-hardening-guidance-reducing-the-set-of-client-side-tools-credentials-filesystem-paths-and-network-d,elaborates,elaborates,section-096-15-5-harness-hardening-guidance->risk-15-5-harness-hardening-guidance-reducing-the-set-of-client-side-tools-credentials-filesystem-paths-and-network-d:elaborates
section-096-15-5-harness-hardening-guidance,risk-15-5-harness-hardening-guidance-the-correct-controls-are-deployment-specific-but-implementations-should-document,elaborates,elaborates,section-096-15-5-harness-hardening-guidance->risk-15-5-harness-hardening-guidance-the-correct-controls-are-deployment-specific-but-implementations-should-document:elaborates
section-104-17-test-and-validation-matrix,test-17-test-and-validation-matrix-a-conforming-implementation-should-include-tests-that-cover-the-behaviors-define,elaborates,elaborates,section-104-17-test-and-validation-matrix->test-17-test-and-validation-matrix-a-conforming-implementation-should-include-tests-that-cover-the-behaviors-define:elaborates
section-104-17-test-and-validation-matrix,test-17-test-and-validation-matrix-core-conformance-deterministic-tests-required-for-all-conforming-implementations,elaborates,elaborates,section-104-17-test-and-validation-matrix->test-17-test-and-validation-matrix-core-conformance-deterministic-tests-required-for-all-conforming-implementations:elaborates
section-104-17-test-and-validation-matrix,test-17-test-and-validation-matrix-extension-conformance-required-only-for-optional-features-that-an-implementation,elaborates,elaborates,section-104-17-test-and-validation-matrix->test-17-test-and-validation-matrix-extension-conformance-required-only-for-optional-features-that-an-implementation:elaborates
section-104-17-test-and-validation-matrix,test-17-test-and-validation-matrix-real-integration-profile-environment-dependent-smoke-integration-checks-recommen,elaborates,elaborates,section-104-17-test-and-validation-matrix->test-17-test-and-validation-matrix-real-integration-profile-environment-dependent-smoke-integration-checks-recommen:elaborates
section-105-17-1-workflow-and-config-parsing,claim-17-1-workflow-and-config-parsing-workflow-file-path-precedence,elaborates,elaborates,section-105-17-1-workflow-and-config-parsing->claim-17-1-workflow-and-config-parsing-workflow-file-path-precedence:elaborates
section-105-17-1-workflow-and-config-parsing,claim-17-1-workflow-and-config-parsing-explicit-runtime-path-is-used-when-provided,elaborates,elaborates,section-105-17-1-workflow-and-config-parsing->claim-17-1-workflow-and-config-parsing-explicit-runtime-path-is-used-when-provided:elaborates
section-105-17-1-workflow-and-config-parsing,claim-17-1-workflow-and-config-parsing-cwd-default-is-workflow-md-when-no-explicit-runtime-path-is-provided,elaborates,elaborates,section-105-17-1-workflow-and-config-parsing->claim-17-1-workflow-and-config-parsing-cwd-default-is-workflow-md-when-no-explicit-runtime-path-is-provided:elaborates
section-105-17-1-workflow-and-config-parsing,claim-17-1-workflow-and-config-parsing-workflow-file-changes-are-detected-and-trigger-re-read-re-apply-without-restart,elaborates,elaborates,section-105-17-1-workflow-and-config-parsing->claim-17-1-workflow-and-config-parsing-workflow-file-changes-are-detected-and-trigger-re-read-re-apply-without-restart:elaborates
section-105-17-1-workflow-and-config-parsing,claim-17-1-workflow-and-config-parsing-invalid-workflow-reload-keeps-last-known-good-effective-configuration-and-emits-,elaborates,elaborates,section-105-17-1-workflow-and-config-parsing->claim-17-1-workflow-and-config-parsing-invalid-workflow-reload-keeps-last-known-good-effective-configuration-and-emits-:elaborates
section-105-17-1-workflow-and-config-parsing,claim-17-1-workflow-and-config-parsing-missing-workflow-md-returns-typed-error,elaborates,elaborates,section-105-17-1-workflow-and-config-parsing->claim-17-1-workflow-and-config-parsing-missing-workflow-md-returns-typed-error:elaborates
section-105-17-1-workflow-and-config-parsing,claim-17-1-workflow-and-config-parsing-invalid-yaml-front-matter-returns-typed-error,elaborates,elaborates,section-105-17-1-workflow-and-config-parsing->claim-17-1-workflow-and-config-parsing-invalid-yaml-front-matter-returns-typed-error:elaborates
section-105-17-1-workflow-and-config-parsing,claim-17-1-workflow-and-config-parsing-front-matter-non-map-returns-typed-error,elaborates,elaborates,section-105-17-1-workflow-and-config-parsing->claim-17-1-workflow-and-config-parsing-front-matter-non-map-returns-typed-error:elaborates
section-105-17-1-workflow-and-config-parsing,requirement-17-1-workflow-and-config-parsing-config-defaults-apply-when-optional-values-are-missing,elaborates,elaborates,section-105-17-1-workflow-and-config-parsing->requirement-17-1-workflow-and-config-parsing-config-defaults-apply-when-optional-values-are-missing:elaborates
section-105-17-1-workflow-and-config-parsing,claim-17-1-workflow-and-config-parsing-tracker-kind-validation-enforces-currently-supported-kind-linear,elaborates,elaborates,section-105-17-1-workflow-and-config-parsing->claim-17-1-workflow-and-config-parsing-tracker-kind-validation-enforces-currently-supported-kind-linear:elaborates
section-105-17-1-workflow-and-config-parsing,claim-17-1-workflow-and-config-parsing-tracker-apikey-works-including-var-indirection,elaborates,elaborates,section-105-17-1-workflow-and-config-parsing->claim-17-1-workflow-and-config-parsing-tracker-apikey-works-including-var-indirection:elaborates
section-105-17-1-workflow-and-config-parsing,dependency-17-1-workflow-and-config-parsing-var-resolution-works-for-tracker-api-key-and-path-values,elaborates,elaborates,section-105-17-1-workflow-and-config-parsing->dependency-17-1-workflow-and-config-parsing-var-resolution-works-for-tracker-api-key-and-path-values:elaborates
section-105-17-1-workflow-and-config-parsing,claim-17-1-workflow-and-config-parsing-path-expansion-works,elaborates,elaborates,section-105-17-1-workflow-and-config-parsing->claim-17-1-workflow-and-config-parsing-path-expansion-works:elaborates
section-105-17-1-workflow-and-config-parsing,claim-17-1-workflow-and-config-parsing-codex-command-is-preserved-as-a-shell-command-string,elaborates,elaborates,section-105-17-1-workflow-and-config-parsing->claim-17-1-workflow-and-config-parsing-codex-command-is-preserved-as-a-shell-command-string:elaborates
section-105-17-1-workflow-and-config-parsing,claim-17-1-workflow-and-config-parsing-per-state-concurrency-override-map-normalizes-state-names-and-ignores-invalid-va,elaborates,elaborates,section-105-17-1-workflow-and-config-parsing->claim-17-1-workflow-and-config-parsing-per-state-concurrency-override-map-normalizes-state-names-and-ignores-invalid-va:elaborates
section-105-17-1-workflow-and-config-parsing,claim-17-1-workflow-and-config-parsing-prompt-template-renders-issue-and-attempt,elaborates,elaborates,section-105-17-1-workflow-and-config-parsing->claim-17-1-workflow-and-config-parsing-prompt-template-renders-issue-and-attempt:elaborates
section-105-17-1-workflow-and-config-parsing,claim-17-1-workflow-and-config-parsing-prompt-rendering-fails-on-unknown-variables-strict-mode,elaborates,elaborates,section-105-17-1-workflow-and-config-parsing->claim-17-1-workflow-and-config-parsing-prompt-rendering-fails-on-unknown-variables-strict-mode:elaborates
section-106-17-2-workspace-manager-and-safety,risk-17-2-workspace-manager-and-safety-deterministic-workspace-path-per-issue-identifier,elaborates,elaborates,section-106-17-2-workspace-manager-and-safety->risk-17-2-workspace-manager-and-safety-deterministic-workspace-path-per-issue-identifier:elaborates
section-106-17-2-workspace-manager-and-safety,risk-17-2-workspace-manager-and-safety-missing-workspace-directory-is-created,elaborates,elaborates,section-106-17-2-workspace-manager-and-safety->risk-17-2-workspace-manager-and-safety-missing-workspace-directory-is-created:elaborates
section-106-17-2-workspace-manager-and-safety,risk-17-2-workspace-manager-and-safety-existing-workspace-directory-is-reused,elaborates,elaborates,section-106-17-2-workspace-manager-and-safety->risk-17-2-workspace-manager-and-safety-existing-workspace-directory-is-reused:elaborates
section-106-17-2-workspace-manager-and-safety,risk-17-2-workspace-manager-and-safety-existing-non-directory-path-at-workspace-location-is-handled-safely-replace-or-f,elaborates,elaborates,section-106-17-2-workspace-manager-and-safety->risk-17-2-workspace-manager-and-safety-existing-non-directory-path-at-workspace-location-is-handled-safely-replace-or-f:elaborates
section-106-17-2-workspace-manager-and-safety,risk-17-2-workspace-manager-and-safety-optional-workspace-population-synchronization-errors-are-surfaced,elaborates,elaborates,section-106-17-2-workspace-manager-and-safety->risk-17-2-workspace-manager-and-safety-optional-workspace-population-synchronization-errors-are-surfaced:elaborates
section-106-17-2-workspace-manager-and-safety,risk-17-2-workspace-manager-and-safety-aftercreate-hook-runs-only-on-new-workspace-creation,elaborates,elaborates,section-106-17-2-workspace-manager-and-safety->risk-17-2-workspace-manager-and-safety-aftercreate-hook-runs-only-on-new-workspace-creation:elaborates
section-106-17-2-workspace-manager-and-safety,risk-17-2-workspace-manager-and-safety-beforerun-hook-runs-before-each-attempt-and-failure-timeouts-abort-the-current-a,elaborates,elaborates,section-106-17-2-workspace-manager-and-safety->risk-17-2-workspace-manager-and-safety-beforerun-hook-runs-before-each-attempt-and-failure-timeouts-abort-the-current-a:elaborates
section-106-17-2-workspace-manager-and-safety,risk-17-2-workspace-manager-and-safety-afterrun-hook-runs-after-each-attempt-and-failure-timeouts-are-logged-and-ignore,elaborates,elaborates,section-106-17-2-workspace-manager-and-safety->risk-17-2-workspace-manager-and-safety-afterrun-hook-runs-after-each-attempt-and-failure-timeouts-are-logged-and-ignore:elaborates
section-106-17-2-workspace-manager-and-safety,risk-17-2-workspace-manager-and-safety-beforeremove-hook-runs-on-cleanup-and-failures-timeouts-are-ignored,elaborates,elaborates,section-106-17-2-workspace-manager-and-safety->risk-17-2-workspace-manager-and-safety-beforeremove-hook-runs-on-cleanup-and-failures-timeouts-are-ignored:elaborates
section-106-17-2-workspace-manager-and-safety,risk-17-2-workspace-manager-and-safety-workspace-path-sanitization-and-root-containment-invariants-are-enforced-before-,elaborates,elaborates,section-106-17-2-workspace-manager-and-safety->risk-17-2-workspace-manager-and-safety-workspace-path-sanitization-and-root-containment-invariants-are-enforced-before-:elaborates
section-106-17-2-workspace-manager-and-safety,risk-17-2-workspace-manager-and-safety-agent-launch-uses-the-per-issue-workspace-path-as-cwd-and-rejects-out-of-root-pa,elaborates,elaborates,section-106-17-2-workspace-manager-and-safety->risk-17-2-workspace-manager-and-safety-agent-launch-uses-the-per-issue-workspace-path-as-cwd-and-rejects-out-of-root-pa:elaborates
section-107-17-3-issue-tracker-client,dependency-17-3-issue-tracker-client-candidate-issue-fetch-uses-active-states-and-project-slug,elaborates,elaborates,section-107-17-3-issue-tracker-client->dependency-17-3-issue-tracker-client-candidate-issue-fetch-uses-active-states-and-project-slug:elaborates
section-107-17-3-issue-tracker-client,dependency-17-3-issue-tracker-client-linear-query-uses-the-specified-project-filter-field-slugid,elaborates,elaborates,section-107-17-3-issue-tracker-client->dependency-17-3-issue-tracker-client-linear-query-uses-the-specified-project-filter-field-slugid:elaborates
section-107-17-3-issue-tracker-client,dependency-17-3-issue-tracker-client-empty-fetchissuesbystates-returns-empty-without-api-call,elaborates,elaborates,section-107-17-3-issue-tracker-client->dependency-17-3-issue-tracker-client-empty-fetchissuesbystates-returns-empty-without-api-call:elaborates
section-107-17-3-issue-tracker-client,dependency-17-3-issue-tracker-client-pagination-preserves-order-across-multiple-pages,elaborates,elaborates,section-107-17-3-issue-tracker-client->dependency-17-3-issue-tracker-client-pagination-preserves-order-across-multiple-pages:elaborates
section-107-17-3-issue-tracker-client,dependency-17-3-issue-tracker-client-blockers-are-normalized-from-inverse-relations-of-type-blocks,elaborates,elaborates,section-107-17-3-issue-tracker-client->dependency-17-3-issue-tracker-client-blockers-are-normalized-from-inverse-relations-of-type-blocks:elaborates
section-107-17-3-issue-tracker-client,dependency-17-3-issue-tracker-client-labels-are-normalized-to-lowercase,elaborates,elaborates,section-107-17-3-issue-tracker-client->dependency-17-3-issue-tracker-client-labels-are-normalized-to-lowercase:elaborates
section-107-17-3-issue-tracker-client,dependency-17-3-issue-tracker-client-issue-state-refresh-by-id-returns-minimal-normalized-issues,elaborates,elaborates,section-107-17-3-issue-tracker-client->dependency-17-3-issue-tracker-client-issue-state-refresh-by-id-returns-minimal-normalized-issues:elaborates
section-107-17-3-issue-tracker-client,dependency-17-3-issue-tracker-client-issue-state-refresh-query-uses-graphql-id-typing-id-as-specified-in-section-11-2,elaborates,elaborates,section-107-17-3-issue-tracker-client->dependency-17-3-issue-tracker-client-issue-state-refresh-query-uses-graphql-id-typing-id-as-specified-in-section-11-2:elaborates
section-107-17-3-issue-tracker-client,dependency-17-3-issue-tracker-client-error-mapping-for-request-errors-non-200-graphql-errors-malformed-payloads,elaborates,elaborates,section-107-17-3-issue-tracker-client->dependency-17-3-issue-tracker-client-error-mapping-for-request-errors-non-200-graphql-errors-malformed-payloads:elaborates
section-108-17-4-orchestrator-dispatch-reconciliation-and-retry,claim-17-4-orchestrator-dispatch-reconciliation-and-retry-dispatch-sort-order-is-priority-then-oldest-creation-time,elaborates,elaborates,section-108-17-4-orchestrator-dispatch-reconciliation-and-retry->claim-17-4-orchestrator-dispatch-reconciliation-and-retry-dispatch-sort-order-is-priority-then-oldest-creation-time:elaborates
section-108-17-4-orchestrator-dispatch-reconciliation-and-retry,claim-17-4-orchestrator-dispatch-reconciliation-and-retry-todo-issue-with-non-terminal-blockers-is-not-eligible,elaborates,elaborates,section-108-17-4-orchestrator-dispatch-reconciliation-and-retry->claim-17-4-orchestrator-dispatch-reconciliation-and-retry-todo-issue-with-non-terminal-blockers-is-not-eligible:elaborates
section-108-17-4-orchestrator-dispatch-reconciliation-and-retry,claim-17-4-orchestrator-dispatch-reconciliation-and-retry-todo-issue-with-terminal-blockers-is-eligible,elaborates,elaborates,section-108-17-4-orchestrator-dispatch-reconciliation-and-retry->claim-17-4-orchestrator-dispatch-reconciliation-and-retry-todo-issue-with-terminal-blockers-is-eligible:elaborates
section-108-17-4-orchestrator-dispatch-reconciliation-and-retry,claim-17-4-orchestrator-dispatch-reconciliation-and-retry-active-state-issue-refresh-updates-running-entry-state,elaborates,elaborates,section-108-17-4-orchestrator-dispatch-reconciliation-and-retry->claim-17-4-orchestrator-dispatch-reconciliation-and-retry-active-state-issue-refresh-updates-running-entry-state:elaborates
section-108-17-4-orchestrator-dispatch-reconciliation-and-retry,claim-17-4-orchestrator-dispatch-reconciliation-and-retry-non-active-state-stops-running-agent-without-workspace-cleanup,elaborates,elaborates,section-108-17-4-orchestrator-dispatch-reconciliation-and-retry->claim-17-4-orchestrator-dispatch-reconciliation-and-retry-non-active-state-stops-running-agent-without-workspace-cleanup:elaborates
section-108-17-4-orchestrator-dispatch-reconciliation-and-retry,claim-17-4-orchestrator-dispatch-reconciliation-and-retry-terminal-state-stops-running-agent-and-cleans-workspace,elaborates,elaborates,section-108-17-4-orchestrator-dispatch-reconciliation-and-retry->claim-17-4-orchestrator-dispatch-reconciliation-and-retry-terminal-state-stops-running-agent-and-cleans-workspace:elaborates
section-108-17-4-orchestrator-dispatch-reconciliation-and-retry,claim-17-4-orchestrator-dispatch-reconciliation-and-retry-reconciliation-with-no-running-issues-is-a-no-op,elaborates,elaborates,section-108-17-4-orchestrator-dispatch-reconciliation-and-retry->claim-17-4-orchestrator-dispatch-reconciliation-and-retry-reconciliation-with-no-running-issues-is-a-no-op:elaborates
section-108-17-4-orchestrator-dispatch-reconciliation-and-retry,claim-17-4-orchestrator-dispatch-reconciliation-and-retry-normal-worker-exit-schedules-a-short-continuation-retry-attempt-1,elaborates,elaborates,section-108-17-4-orchestrator-dispatch-reconciliation-and-retry->claim-17-4-orchestrator-dispatch-reconciliation-and-retry-normal-worker-exit-schedules-a-short-continuation-retry-attempt-1:elaborates
section-108-17-4-orchestrator-dispatch-reconciliation-and-retry,claim-17-4-orchestrator-dispatch-reconciliation-and-retry-abnormal-worker-exit-increments-retries-with-10s-based-exponential-backoff,elaborates,elaborates,section-108-17-4-orchestrator-dispatch-reconciliation-and-retry->claim-17-4-orchestrator-dispatch-reconciliation-and-retry-abnormal-worker-exit-increments-retries-with-10s-based-exponential-backoff:elaborates
section-108-17-4-orchestrator-dispatch-reconciliation-and-retry,claim-17-4-orchestrator-dispatch-reconciliation-and-retry-retry-backoff-cap-uses-configured-agent-maxretrybackoffms,elaborates,elaborates,section-108-17-4-orchestrator-dispatch-reconciliation-and-retry->claim-17-4-orchestrator-dispatch-reconciliation-and-retry-retry-backoff-cap-uses-configured-agent-maxretrybackoffms:elaborates
section-108-17-4-orchestrator-dispatch-reconciliation-and-retry,claim-17-4-orchestrator-dispatch-reconciliation-and-retry-retry-queue-entries-include-attempt-due-time-identifier-and-error,elaborates,elaborates,section-108-17-4-orchestrator-dispatch-reconciliation-and-retry->claim-17-4-orchestrator-dispatch-reconciliation-and-retry-retry-queue-entries-include-attempt-due-time-identifier-and-error:elaborates
section-108-17-4-orchestrator-dispatch-reconciliation-and-retry,claim-17-4-orchestrator-dispatch-reconciliation-and-retry-stall-detection-kills-stalled-sessions-and-schedules-retry,elaborates,elaborates,section-108-17-4-orchestrator-dispatch-reconciliation-and-retry->claim-17-4-orchestrator-dispatch-reconciliation-and-retry-stall-detection-kills-stalled-sessions-and-schedules-retry:elaborates
section-108-17-4-orchestrator-dispatch-reconciliation-and-retry,claim-17-4-orchestrator-dispatch-reconciliation-and-retry-slot-exhaustion-requeues-retries-with-explicit-error-reason,elaborates,elaborates,section-108-17-4-orchestrator-dispatch-reconciliation-and-retry->claim-17-4-orchestrator-dispatch-reconciliation-and-retry-slot-exhaustion-requeues-retries-with-explicit-error-reason:elaborates
section-108-17-4-orchestrator-dispatch-reconciliation-and-retry,dependency-17-4-orchestrator-dispatch-reconciliation-and-retry-if-a-snapshot-api-is-implemented-it-returns-running-rows-retry-rows-token-totals,elaborates,elaborates,section-108-17-4-orchestrator-dispatch-reconciliation-and-retry->dependency-17-4-orchestrator-dispatch-reconciliation-and-retry-if-a-snapshot-api-is-implemented-it-returns-running-rows-retry-rows-token-totals:elaborates
section-108-17-4-orchestrator-dispatch-reconciliation-and-retry,dependency-17-4-orchestrator-dispatch-reconciliation-and-retry-if-a-snapshot-api-is-implemented-timeout-unavailable-cases-are-surfaced,elaborates,elaborates,section-108-17-4-orchestrator-dispatch-reconciliation-and-retry->dependency-17-4-orchestrator-dispatch-reconciliation-and-retry-if-a-snapshot-api-is-implemented-timeout-unavailable-cases-are-surfaced:elaborates
section-109-17-5-coding-agent-app-server-client,dependency-17-5-coding-agent-app-server-client-launch-command-uses-workspace-cwd-and-invokes-bash-lc-codex-command,elaborates,elaborates,section-109-17-5-coding-agent-app-server-client->dependency-17-5-coding-agent-app-server-client-launch-command-uses-workspace-cwd-and-invokes-bash-lc-codex-command:elaborates
section-109-17-5-coding-agent-app-server-client,dependency-17-5-coding-agent-app-server-client-session-startup-follows-the-targeted-codex-app-server-protocol,elaborates,elaborates,section-109-17-5-coding-agent-app-server-client->dependency-17-5-coding-agent-app-server-client-session-startup-follows-the-targeted-codex-app-server-protocol:elaborates
section-109-17-5-coding-agent-app-server-client,dependency-17-5-coding-agent-app-server-client-client-identity-capability-payloads-are-valid-when-the-targeted-codex-app-server,elaborates,elaborates,section-109-17-5-coding-agent-app-server-client->dependency-17-5-coding-agent-app-server-client-client-identity-capability-payloads-are-valid-when-the-targeted-codex-app-server:elaborates
section-109-17-5-coding-agent-app-server-client,dependency-17-5-coding-agent-app-server-client-policy-related-startup-payloads-use-the-implementation-s-documented-approval-san,elaborates,elaborates,section-109-17-5-coding-agent-app-server-client->dependency-17-5-coding-agent-app-server-client-policy-related-startup-payloads-use-the-implementation-s-documented-approval-san:elaborates
section-109-17-5-coding-agent-app-server-client,dependency-17-5-coding-agent-app-server-client-thread-and-turn-identities-exposed-by-the-targeted-protocol-are-extracted-and-us,elaborates,elaborates,section-109-17-5-coding-agent-app-server-client->dependency-17-5-coding-agent-app-server-client-thread-and-turn-identities-exposed-by-the-targeted-protocol-are-extracted-and-us:elaborates
section-109-17-5-coding-agent-app-server-client,dependency-17-5-coding-agent-app-server-client-request-response-read-timeout-is-enforced,elaborates,elaborates,section-109-17-5-coding-agent-app-server-client->dependency-17-5-coding-agent-app-server-client-request-response-read-timeout-is-enforced:elaborates
section-109-17-5-coding-agent-app-server-client,dependency-17-5-coding-agent-app-server-client-turn-timeout-is-enforced,elaborates,elaborates,section-109-17-5-coding-agent-app-server-client->dependency-17-5-coding-agent-app-server-client-turn-timeout-is-enforced:elaborates
section-109-17-5-coding-agent-app-server-client,dependency-17-5-coding-agent-app-server-client-transport-framing-required-by-the-targeted-protocol-is-handled-correctly,elaborates,elaborates,section-109-17-5-coding-agent-app-server-client->dependency-17-5-coding-agent-app-server-client-transport-framing-required-by-the-targeted-protocol-is-handled-correctly:elaborates
section-109-17-5-coding-agent-app-server-client,dependency-17-5-coding-agent-app-server-client-for-stdio-based-transports-diagnostic-stderr-handling-is-kept-separate-from-the-,elaborates,elaborates,section-109-17-5-coding-agent-app-server-client->dependency-17-5-coding-agent-app-server-client-for-stdio-based-transports-diagnostic-stderr-handling-is-kept-separate-from-the-:elaborates
section-109-17-5-coding-agent-app-server-client,dependency-17-5-coding-agent-app-server-client-command-file-change-approvals-are-handled-according-to-the-implementation-s-docu,elaborates,elaborates,section-109-17-5-coding-agent-app-server-client->dependency-17-5-coding-agent-app-server-client-command-file-change-approvals-are-handled-according-to-the-implementation-s-docu:elaborates
section-109-17-5-coding-agent-app-server-client,dependency-17-5-coding-agent-app-server-client-unsupported-dynamic-tool-calls-are-rejected-without-stalling-the-session,elaborates,elaborates,section-109-17-5-coding-agent-app-server-client->dependency-17-5-coding-agent-app-server-client-unsupported-dynamic-tool-calls-are-rejected-without-stalling-the-session:elaborates
section-109-17-5-coding-agent-app-server-client,dependency-17-5-coding-agent-app-server-client-user-input-requests-are-handled-according-to-the-implementation-s-documented-pol,elaborates,elaborates,section-109-17-5-coding-agent-app-server-client->dependency-17-5-coding-agent-app-server-client-user-input-requests-are-handled-according-to-the-implementation-s-documented-pol:elaborates
section-109-17-5-coding-agent-app-server-client,dependency-17-5-coding-agent-app-server-client-usage-and-rate-limit-telemetry-exposed-by-the-targeted-protocol-is-extracted,elaborates,elaborates,section-109-17-5-coding-agent-app-server-client->dependency-17-5-coding-agent-app-server-client-usage-and-rate-limit-telemetry-exposed-by-the-targeted-protocol-is-extracted:elaborates
section-109-17-5-coding-agent-app-server-client,dependency-17-5-coding-agent-app-server-client-approval-user-input-required-usage-and-rate-limit-signals-are-interpreted-accord,elaborates,elaborates,section-109-17-5-coding-agent-app-server-client->dependency-17-5-coding-agent-app-server-client-approval-user-input-required-usage-and-rate-limit-signals-are-interpreted-accord:elaborates
section-109-17-5-coding-agent-app-server-client,dependency-17-5-coding-agent-app-server-client-if-client-side-tools-are-implemented-session-startup-advertises-the-supported-to,elaborates,elaborates,section-109-17-5-coding-agent-app-server-client->dependency-17-5-coding-agent-app-server-client-if-client-side-tools-are-implemented-session-startup-advertises-the-supported-to:elaborates
section-109-17-5-coding-agent-app-server-client,dependency-17-5-coding-agent-app-server-client-if-the-lineargraphql-client-side-tool-extension-is-implemented,elaborates,elaborates,section-109-17-5-coding-agent-app-server-client->dependency-17-5-coding-agent-app-server-client-if-the-lineargraphql-client-side-tool-extension-is-implemented:elaborates
section-109-17-5-coding-agent-app-server-client,dependency-17-5-coding-agent-app-server-client-the-tool-is-advertised-to-the-session,elaborates,elaborates,section-109-17-5-coding-agent-app-server-client->dependency-17-5-coding-agent-app-server-client-the-tool-is-advertised-to-the-session:elaborates
section-109-17-5-coding-agent-app-server-client,dependency-17-5-coding-agent-app-server-client-valid-query-variables-inputs-execute-against-configured-linear-auth,elaborates,elaborates,section-109-17-5-coding-agent-app-server-client->dependency-17-5-coding-agent-app-server-client-valid-query-variables-inputs-execute-against-configured-linear-auth:elaborates
section-109-17-5-coding-agent-app-server-client,dependency-17-5-coding-agent-app-server-client-top-level-graphql-errors-produce-success-false-while-preserving-the-graphql-body,elaborates,elaborates,section-109-17-5-coding-agent-app-server-client->dependency-17-5-coding-agent-app-server-client-top-level-graphql-errors-produce-success-false-while-preserving-the-graphql-body:elaborates
section-109-17-5-coding-agent-app-server-client,dependency-17-5-coding-agent-app-server-client-invalid-arguments-missing-auth-and-transport-failures-return-structured-failure-,elaborates,elaborates,section-109-17-5-coding-agent-app-server-client->dependency-17-5-coding-agent-app-server-client-invalid-arguments-missing-auth-and-transport-failures-return-structured-failure-:elaborates
section-109-17-5-coding-agent-app-server-client,dependency-17-5-coding-agent-app-server-client-unsupported-tool-names-still-fail-without-stalling-the-session,elaborates,elaborates,section-109-17-5-coding-agent-app-server-client->dependency-17-5-coding-agent-app-server-client-unsupported-tool-names-still-fail-without-stalling-the-session:elaborates
section-110-17-6-observability,claim-17-6-observability-validation-failures-are-operator-visible,elaborates,elaborates,section-110-17-6-observability->claim-17-6-observability-validation-failures-are-operator-visible:elaborates
section-110-17-6-observability,claim-17-6-observability-structured-logging-includes-issue-session-context-fields,elaborates,elaborates,section-110-17-6-observability->claim-17-6-observability-structured-logging-includes-issue-session-context-fields:elaborates
section-110-17-6-observability,claim-17-6-observability-logging-sink-failures-do-not-crash-orchestration,elaborates,elaborates,section-110-17-6-observability->claim-17-6-observability-logging-sink-failures-do-not-crash-orchestration:elaborates
section-110-17-6-observability,claim-17-6-observability-token-rate-limit-aggregation-remains-correct-across-repeated-agent-updates,elaborates,elaborates,section-110-17-6-observability->claim-17-6-observability-token-rate-limit-aggregation-remains-correct-across-repeated-agent-updates:elaborates
section-110-17-6-observability,claim-17-6-observability-if-a-human-readable-status-surface-is-implemented-it-is-driven-from-orchestrator,elaborates,elaborates,section-110-17-6-observability->claim-17-6-observability-if-a-human-readable-status-surface-is-implemented-it-is-driven-from-orchestrator:elaborates
section-110-17-6-observability,claim-17-6-observability-if-humanized-event-summaries-are-implemented-they-cover-key-wrapper-agent-event-,elaborates,elaborates,section-110-17-6-observability->claim-17-6-observability-if-humanized-event-summaries-are-implemented-they-cover-key-wrapper-agent-event-:elaborates
section-111-17-7-cli-and-host-lifecycle,dependency-17-7-cli-and-host-lifecycle-cli-accepts-a-positional-workflow-path-argument-path-to-workflow-md,elaborates,elaborates,section-111-17-7-cli-and-host-lifecycle->dependency-17-7-cli-and-host-lifecycle-cli-accepts-a-positional-workflow-path-argument-path-to-workflow-md:elaborates
section-111-17-7-cli-and-host-lifecycle,dependency-17-7-cli-and-host-lifecycle-cli-uses-workflow-md-when-no-workflow-path-argument-is-provided,elaborates,elaborates,section-111-17-7-cli-and-host-lifecycle->dependency-17-7-cli-and-host-lifecycle-cli-uses-workflow-md-when-no-workflow-path-argument-is-provided:elaborates
section-111-17-7-cli-and-host-lifecycle,dependency-17-7-cli-and-host-lifecycle-cli-errors-on-nonexistent-explicit-workflow-path-or-missing-default-workflow-md,elaborates,elaborates,section-111-17-7-cli-and-host-lifecycle->dependency-17-7-cli-and-host-lifecycle-cli-errors-on-nonexistent-explicit-workflow-path-or-missing-default-workflow-md:elaborates
section-111-17-7-cli-and-host-lifecycle,dependency-17-7-cli-and-host-lifecycle-cli-surfaces-startup-failure-cleanly,elaborates,elaborates,section-111-17-7-cli-and-host-lifecycle->dependency-17-7-cli-and-host-lifecycle-cli-surfaces-startup-failure-cleanly:elaborates
section-111-17-7-cli-and-host-lifecycle,dependency-17-7-cli-and-host-lifecycle-cli-exits-with-success-when-application-starts-and-shuts-down-normally,elaborates,elaborates,section-111-17-7-cli-and-host-lifecycle->dependency-17-7-cli-and-host-lifecycle-cli-exits-with-success-when-application-starts-and-shuts-down-normally:elaborates
section-111-17-7-cli-and-host-lifecycle,dependency-17-7-cli-and-host-lifecycle-cli-exits-nonzero-when-startup-fails-or-the-host-process-exits-abnormally,elaborates,elaborates,section-111-17-7-cli-and-host-lifecycle->dependency-17-7-cli-and-host-lifecycle-cli-exits-nonzero-when-startup-fails-or-the-host-process-exits-abnormally:elaborates
section-112-17-8-real-integration-profile-recommended,dependency-17-8-real-integration-profile-recommended-these-checks-are-recommended-for-production-readiness-and-may-be-skipped-in-ci-w,elaborates,elaborates,section-112-17-8-real-integration-profile-recommended->dependency-17-8-real-integration-profile-recommended-these-checks-are-recommended-for-production-readiness-and-may-be-skipped-in-ci-w:elaborates
section-112-17-8-real-integration-profile-recommended,dependency-17-8-real-integration-profile-recommended-a-real-tracker-smoke-test-can-be-run-with-valid-credentials-supplied-by-linearap,elaborates,elaborates,section-112-17-8-real-integration-profile-recommended->dependency-17-8-real-integration-profile-recommended-a-real-tracker-smoke-test-can-be-run-with-valid-credentials-supplied-by-linearap:elaborates
section-112-17-8-real-integration-profile-recommended,dependency-17-8-real-integration-profile-recommended-real-integration-tests-should-use-isolated-test-identifiers-workspaces-and-clean,elaborates,elaborates,section-112-17-8-real-integration-profile-recommended->dependency-17-8-real-integration-profile-recommended-real-integration-tests-should-use-isolated-test-identifiers-workspaces-and-clean:elaborates
section-112-17-8-real-integration-profile-recommended,dependency-17-8-real-integration-profile-recommended-a-skipped-real-integration-test-should-be-reported-as-skipped-not-silently-treat,elaborates,elaborates,section-112-17-8-real-integration-profile-recommended->dependency-17-8-real-integration-profile-recommended-a-skipped-real-integration-test-should-be-reported-as-skipped-not-silently-treat:elaborates
section-112-17-8-real-integration-profile-recommended,dependency-17-8-real-integration-profile-recommended-if-a-real-integration-profile-is-explicitly-enabled-in-ci-or-release-validation-,elaborates,elaborates,section-112-17-8-real-integration-profile-recommended->dependency-17-8-real-integration-profile-recommended-if-a-real-integration-profile-is-explicitly-enabled-in-ci-or-release-validation-:elaborates
section-113-18-implementation-checklist-definition-of-done,test-18-implementation-checklist-definition-of-done-section-18-1-core-conformance,elaborates,elaborates,section-113-18-implementation-checklist-definition-of-done->test-18-implementation-checklist-definition-of-done-section-18-1-core-conformance:elaborates
section-113-18-implementation-checklist-definition-of-done,test-18-implementation-checklist-definition-of-done-section-18-2-extension-conformance,elaborates,elaborates,section-113-18-implementation-checklist-definition-of-done->test-18-implementation-checklist-definition-of-done-section-18-2-extension-conformance:elaborates
section-113-18-implementation-checklist-definition-of-done,test-18-implementation-checklist-definition-of-done-section-18-3-real-integration-profile,elaborates,elaborates,section-113-18-implementation-checklist-definition-of-done->test-18-implementation-checklist-definition-of-done-section-18-3-real-integration-profile:elaborates
section-114-18-1-required-for-conformance,test-18-1-required-for-conformance-workflow-path-selection-supports-explicit-runtime-path-and-cwd-default,elaborates,elaborates,section-114-18-1-required-for-conformance->test-18-1-required-for-conformance-workflow-path-selection-supports-explicit-runtime-path-and-cwd-default:elaborates
section-114-18-1-required-for-conformance,test-18-1-required-for-conformance-workflow-md-loader-with-yaml-front-matter-prompt-body-split,elaborates,elaborates,section-114-18-1-required-for-conformance->test-18-1-required-for-conformance-workflow-md-loader-with-yaml-front-matter-prompt-body-split:elaborates
section-114-18-1-required-for-conformance,test-18-1-required-for-conformance-typed-config-layer-with-defaults-and-resolution,elaborates,elaborates,section-114-18-1-required-for-conformance->test-18-1-required-for-conformance-typed-config-layer-with-defaults-and-resolution:elaborates
section-114-18-1-required-for-conformance,test-18-1-required-for-conformance-dynamic-workflow-md-watch-reload-re-apply-for-config-and-prompt,elaborates,elaborates,section-114-18-1-required-for-conformance->test-18-1-required-for-conformance-dynamic-workflow-md-watch-reload-re-apply-for-config-and-prompt:elaborates
section-114-18-1-required-for-conformance,test-18-1-required-for-conformance-polling-orchestrator-with-single-authority-mutable-state,elaborates,elaborates,section-114-18-1-required-for-conformance->test-18-1-required-for-conformance-polling-orchestrator-with-single-authority-mutable-state:elaborates
section-114-18-1-required-for-conformance,test-18-1-required-for-conformance-issue-tracker-client-with-candidate-fetch-state-refresh-terminal-fetch,elaborates,elaborates,section-114-18-1-required-for-conformance->test-18-1-required-for-conformance-issue-tracker-client-with-candidate-fetch-state-refresh-terminal-fetch:elaborates
section-114-18-1-required-for-conformance,test-18-1-required-for-conformance-workspace-manager-with-sanitized-per-issue-workspaces,elaborates,elaborates,section-114-18-1-required-for-conformance->test-18-1-required-for-conformance-workspace-manager-with-sanitized-per-issue-workspaces:elaborates
section-114-18-1-required-for-conformance,test-18-1-required-for-conformance-workspace-lifecycle-hooks-aftercreate-beforerun-afterrun-beforeremove,elaborates,elaborates,section-114-18-1-required-for-conformance->test-18-1-required-for-conformance-workspace-lifecycle-hooks-aftercreate-beforerun-afterrun-beforeremove:elaborates
section-114-18-1-required-for-conformance,test-18-1-required-for-conformance-hook-timeout-config-hooks-timeoutms-default-60000,elaborates,elaborates,section-114-18-1-required-for-conformance->test-18-1-required-for-conformance-hook-timeout-config-hooks-timeoutms-default-60000:elaborates
section-114-18-1-required-for-conformance,test-18-1-required-for-conformance-coding-agent-app-server-subprocess-client-with-json-line-protocol,elaborates,elaborates,section-114-18-1-required-for-conformance->test-18-1-required-for-conformance-coding-agent-app-server-subprocess-client-with-json-line-protocol:elaborates
section-114-18-1-required-for-conformance,test-18-1-required-for-conformance-codex-launch-command-config-codex-command-default-codex-app-server,elaborates,elaborates,section-114-18-1-required-for-conformance->test-18-1-required-for-conformance-codex-launch-command-config-codex-command-default-codex-app-server:elaborates
section-114-18-1-required-for-conformance,test-18-1-required-for-conformance-strict-prompt-rendering-with-issue-and-attempt-variables,elaborates,elaborates,section-114-18-1-required-for-conformance->test-18-1-required-for-conformance-strict-prompt-rendering-with-issue-and-attempt-variables:elaborates
section-114-18-1-required-for-conformance,test-18-1-required-for-conformance-exponential-retry-queue-with-continuation-retries-after-normal-exit,elaborates,elaborates,section-114-18-1-required-for-conformance->test-18-1-required-for-conformance-exponential-retry-queue-with-continuation-retries-after-normal-exit:elaborates
section-114-18-1-required-for-conformance,test-18-1-required-for-conformance-configurable-retry-backoff-cap-agent-maxretrybackoffms-default-5m,elaborates,elaborates,section-114-18-1-required-for-conformance->test-18-1-required-for-conformance-configurable-retry-backoff-cap-agent-maxretrybackoffms-default-5m:elaborates
section-114-18-1-required-for-conformance,test-18-1-required-for-conformance-reconciliation-that-stops-runs-on-terminal-non-active-tracker-states,elaborates,elaborates,section-114-18-1-required-for-conformance->test-18-1-required-for-conformance-reconciliation-that-stops-runs-on-terminal-non-active-tracker-states:elaborates
section-114-18-1-required-for-conformance,test-18-1-required-for-conformance-workspace-cleanup-for-terminal-issues-startup-sweep-active-transition,elaborates,elaborates,section-114-18-1-required-for-conformance->test-18-1-required-for-conformance-workspace-cleanup-for-terminal-issues-startup-sweep-active-transition:elaborates
section-114-18-1-required-for-conformance,test-18-1-required-for-conformance-structured-logs-with-issueid-issueidentifier-and-sessionid,elaborates,elaborates,section-114-18-1-required-for-conformance->test-18-1-required-for-conformance-structured-logs-with-issueid-issueidentifier-and-sessionid:elaborates
section-114-18-1-required-for-conformance,test-18-1-required-for-conformance-operator-visible-observability-structured-logs-optional-snapshot-status-surface,elaborates,elaborates,section-114-18-1-required-for-conformance->test-18-1-required-for-conformance-operator-visible-observability-structured-logs-optional-snapshot-status-surface:elaborates
section-115-18-2-recommended-extensions-not-required-for-conformance,test-18-2-recommended-extensions-not-required-for-conformance-http-server-extension-honors-cli-port-over-server-port-uses-a-safe-default-bind-,elaborates,elaborates,section-115-18-2-recommended-extensions-not-required-for-conformance->test-18-2-recommended-extensions-not-required-for-conformance-http-server-extension-honors-cli-port-over-server-port-uses-a-safe-default-bind-:elaborates
section-115-18-2-recommended-extensions-not-required-for-conformance,test-18-2-recommended-extensions-not-required-for-conformance-lineargraphql-client-side-tool-extension-exposes-raw-linear-graphql-access-throu,elaborates,elaborates,section-115-18-2-recommended-extensions-not-required-for-conformance->test-18-2-recommended-extensions-not-required-for-conformance-lineargraphql-client-side-tool-extension-exposes-raw-linear-graphql-access-throu:elaborates
section-115-18-2-recommended-extensions-not-required-for-conformance,test-18-2-recommended-extensions-not-required-for-conformance-todo-persist-retry-queue-and-session-metadata-across-process-restarts,elaborates,elaborates,section-115-18-2-recommended-extensions-not-required-for-conformance->test-18-2-recommended-extensions-not-required-for-conformance-todo-persist-retry-queue-and-session-metadata-across-process-restarts:elaborates
section-115-18-2-recommended-extensions-not-required-for-conformance,test-18-2-recommended-extensions-not-required-for-conformance-todo-make-observability-settings-configurable-in-workflow-front-matter-without-p,elaborates,elaborates,section-115-18-2-recommended-extensions-not-required-for-conformance->test-18-2-recommended-extensions-not-required-for-conformance-todo-make-observability-settings-configurable-in-workflow-front-matter-without-p:elaborates
section-115-18-2-recommended-extensions-not-required-for-conformance,test-18-2-recommended-extensions-not-required-for-conformance-todo-add-first-class-tracker-write-apis-comments-state-transitions-in-the-orches,elaborates,elaborates,section-115-18-2-recommended-extensions-not-required-for-conformance->test-18-2-recommended-extensions-not-required-for-conformance-todo-add-first-class-tracker-write-apis-comments-state-transitions-in-the-orches:elaborates
section-115-18-2-recommended-extensions-not-required-for-conformance,test-18-2-recommended-extensions-not-required-for-conformance-todo-add-pluggable-issue-tracker-adapters-beyond-linear,elaborates,elaborates,section-115-18-2-recommended-extensions-not-required-for-conformance->test-18-2-recommended-extensions-not-required-for-conformance-todo-add-pluggable-issue-tracker-adapters-beyond-linear:elaborates
section-116-18-3-operational-validation-before-production-recommended,test-18-3-operational-validation-before-production-recommended-run-the-real-integration-profile-from-section-17-8-with-valid-credentials-and-ne,elaborates,elaborates,section-116-18-3-operational-validation-before-production-recommended->test-18-3-operational-validation-before-production-recommended-run-the-real-integration-profile-from-section-17-8-with-valid-credentials-and-ne:elaborates
section-116-18-3-operational-validation-before-production-recommended,test-18-3-operational-validation-before-production-recommended-verify-hook-execution-and-workflow-path-resolution-on-the-target-host-os-shell-e,elaborates,elaborates,section-116-18-3-operational-validation-before-production-recommended->test-18-3-operational-validation-before-production-recommended-verify-hook-execution-and-workflow-path-resolution-on-the-target-host-os-shell-e:elaborates
section-116-18-3-operational-validation-before-production-recommended,test-18-3-operational-validation-before-production-recommended-if-the-optional-http-server-is-shipped-verify-the-configured-port-behavior-and-l,elaborates,elaborates,section-116-18-3-operational-validation-before-production-recommended->test-18-3-operational-validation-before-production-recommended-if-the-optional-http-server-is-shipped-verify-the-configured-port-behavior-and-l:elaborates
section-117-appendix-a-ssh-worker-extension-optional,requirement-appendix-a-ssh-worker-extension-optional-worker-sshhosts-list-of-ssh-host-strings-optional,elaborates,elaborates,section-117-appendix-a-ssh-worker-extension-optional->requirement-appendix-a-ssh-worker-extension-optional-worker-sshhosts-list-of-ssh-host-strings-optional:elaborates
section-117-appendix-a-ssh-worker-extension-optional,claim-appendix-a-ssh-worker-extension-optional-when-omitted-work-runs-locally,elaborates,elaborates,section-117-appendix-a-ssh-worker-extension-optional->claim-appendix-a-ssh-worker-extension-optional-when-omitted-work-runs-locally:elaborates
section-117-appendix-a-ssh-worker-extension-optional,requirement-appendix-a-ssh-worker-extension-optional-worker-maxconcurrentagentsperhost-positive-integer-optional,elaborates,elaborates,section-117-appendix-a-ssh-worker-extension-optional->requirement-appendix-a-ssh-worker-extension-optional-worker-maxconcurrentagentsperhost-positive-integer-optional:elaborates
section-117-appendix-a-ssh-worker-extension-optional,dependency-appendix-a-ssh-worker-extension-optional-shared-per-host-cap-applied-across-configured-ssh-hosts,elaborates,elaborates,section-117-appendix-a-ssh-worker-extension-optional->dependency-appendix-a-ssh-worker-extension-optional-shared-per-host-cap-applied-across-configured-ssh-hosts:elaborates
section-118-a-1-execution-model,claim-a-1-execution-model-the-orchestrator-remains-the-single-source-of-truth-for-polling-claims-retries-a,elaborates,elaborates,section-118-a-1-execution-model->claim-a-1-execution-model-the-orchestrator-remains-the-single-source-of-truth-for-polling-claims-retries-a:elaborates
section-118-a-1-execution-model,claim-a-1-execution-model-worker-sshhosts-provides-the-candidate-ssh-destinations-for-remote-execution,elaborates,elaborates,section-118-a-1-execution-model->claim-a-1-execution-model-worker-sshhosts-provides-the-candidate-ssh-destinations-for-remote-execution:elaborates
section-118-a-1-execution-model,dependency-a-1-execution-model-each-worker-run-is-assigned-to-one-host-at-a-time-and-that-host-becomes-part-of-,elaborates,elaborates,section-118-a-1-execution-model->dependency-a-1-execution-model-each-worker-run-is-assigned-to-one-host-at-a-time-and-that-host-becomes-part-of-:elaborates
section-118-a-1-execution-model,dependency-a-1-execution-model-workspace-root-is-interpreted-on-the-remote-host-not-on-the-orchestrator-host,elaborates,elaborates,section-118-a-1-execution-model->dependency-a-1-execution-model-workspace-root-is-interpreted-on-the-remote-host-not-on-the-orchestrator-host:elaborates
section-118-a-1-execution-model,claim-a-1-execution-model-the-coding-agent-app-server-is-launched-over-ssh-stdio-instead-of-as-a-local-sub,elaborates,elaborates,section-118-a-1-execution-model->claim-a-1-execution-model-the-coding-agent-app-server-is-launched-over-ssh-stdio-instead-of-as-a-local-sub:elaborates
section-118-a-1-execution-model,requirement-a-1-execution-model-continuation-turns-inside-one-worker-lifetime-should-stay-on-the-same-host-and-w,elaborates,elaborates,section-118-a-1-execution-model->requirement-a-1-execution-model-continuation-turns-inside-one-worker-lifetime-should-stay-on-the-same-host-and-w:elaborates
section-118-a-1-execution-model,requirement-a-1-execution-model-a-remote-host-should-satisfy-the-same-basic-contract-as-a-local-worker-environme,elaborates,elaborates,section-118-a-1-execution-model->requirement-a-1-execution-model-a-remote-host-should-satisfy-the-same-basic-contract-as-a-local-worker-environme:elaborates
section-119-a-2-scheduling-notes,requirement-a-2-scheduling-notes-ssh-hosts-may-be-treated-as-a-pool-for-dispatch,elaborates,elaborates,section-119-a-2-scheduling-notes->requirement-a-2-scheduling-notes-ssh-hosts-may-be-treated-as-a-pool-for-dispatch:elaborates
section-119-a-2-scheduling-notes,requirement-a-2-scheduling-notes-implementations-may-prefer-the-previously-used-host-on-retries-when-that-host-is,elaborates,elaborates,section-119-a-2-scheduling-notes->requirement-a-2-scheduling-notes-implementations-may-prefer-the-previously-used-host-on-retries-when-that-host-is:elaborates
section-119-a-2-scheduling-notes,requirement-a-2-scheduling-notes-worker-maxconcurrentagentsperhost-is-an-optional-shared-per-host-cap-across-conf,elaborates,elaborates,section-119-a-2-scheduling-notes->requirement-a-2-scheduling-notes-worker-maxconcurrentagentsperhost-is-an-optional-shared-per-host-cap-across-conf:elaborates
section-119-a-2-scheduling-notes,requirement-a-2-scheduling-notes-when-all-ssh-hosts-are-at-capacity-dispatch-should-wait-rather-than-silently-fal,elaborates,elaborates,section-119-a-2-scheduling-notes->requirement-a-2-scheduling-notes-when-all-ssh-hosts-are-at-capacity-dispatch-should-wait-rather-than-silently-fal:elaborates
section-119-a-2-scheduling-notes,requirement-a-2-scheduling-notes-implementations-may-fail-over-to-another-host-when-the-original-host-is-unavaila,elaborates,elaborates,section-119-a-2-scheduling-notes->requirement-a-2-scheduling-notes-implementations-may-fail-over-to-another-host-when-the-original-host-is-unavaila:elaborates
section-119-a-2-scheduling-notes,requirement-a-2-scheduling-notes-once-a-run-has-already-produced-side-effects-a-transparent-rerun-on-another-host,elaborates,elaborates,section-119-a-2-scheduling-notes->requirement-a-2-scheduling-notes-once-a-run-has-already-produced-side-effects-a-transparent-rerun-on-another-host:elaborates
section-120-a-3-problems-to-consider,claim-a-3-problems-to-consider-remote-environment-drift,elaborates,elaborates,section-120-a-3-problems-to-consider->claim-a-3-problems-to-consider-remote-environment-drift:elaborates
section-120-a-3-problems-to-consider,dependency-a-3-problems-to-consider-each-host-needs-the-expected-shell-environment-coding-agent-executable-auth-and-,elaborates,elaborates,section-120-a-3-problems-to-consider->dependency-a-3-problems-to-consider-each-host-needs-the-expected-shell-environment-coding-agent-executable-auth-and-:elaborates
section-120-a-3-problems-to-consider,claim-a-3-problems-to-consider-workspace-locality,elaborates,elaborates,section-120-a-3-problems-to-consider->claim-a-3-problems-to-consider-workspace-locality:elaborates
section-120-a-3-problems-to-consider,dependency-a-3-problems-to-consider-workspaces-are-usually-host-local-so-moving-an-issue-to-a-different-host-is-typi,elaborates,elaborates,section-120-a-3-problems-to-consider->dependency-a-3-problems-to-consider-workspaces-are-usually-host-local-so-moving-an-issue-to-a-different-host-is-typi:elaborates
section-120-a-3-problems-to-consider,claim-a-3-problems-to-consider-path-and-command-safety,elaborates,elaborates,section-120-a-3-problems-to-consider->claim-a-3-problems-to-consider-path-and-command-safety:elaborates
section-120-a-3-problems-to-consider,claim-a-3-problems-to-consider-remote-path-resolution-shell-quoting-and-workspace-boundary-checks-matter-more-o,elaborates,elaborates,section-120-a-3-problems-to-consider->claim-a-3-problems-to-consider-remote-path-resolution-shell-quoting-and-workspace-boundary-checks-matter-more-o:elaborates
section-120-a-3-problems-to-consider,claim-a-3-problems-to-consider-startup-and-failover-semantics,elaborates,elaborates,section-120-a-3-problems-to-consider->claim-a-3-problems-to-consider-startup-and-failover-semantics:elaborates
section-120-a-3-problems-to-consider,requirement-a-3-problems-to-consider-implementations-should-distinguish-host-connectivity-startup-failures-from-in-wo,elaborates,elaborates,section-120-a-3-problems-to-consider->requirement-a-3-problems-to-consider-implementations-should-distinguish-host-connectivity-startup-failures-from-in-wo:elaborates
section-120-a-3-problems-to-consider,dependency-a-3-problems-to-consider-host-health-and-saturation,elaborates,elaborates,section-120-a-3-problems-to-consider->dependency-a-3-problems-to-consider-host-health-and-saturation:elaborates
section-120-a-3-problems-to-consider,requirement-a-3-problems-to-consider-a-dead-or-overloaded-host-should-reduce-available-capacity-not-cause-duplicate-e,elaborates,elaborates,section-120-a-3-problems-to-consider->requirement-a-3-problems-to-consider-a-dead-or-overloaded-host-should-reduce-available-capacity-not-cause-duplicate-e:elaborates
section-120-a-3-problems-to-consider,claim-a-3-problems-to-consider-cleanup-and-observability,elaborates,elaborates,section-120-a-3-problems-to-consider->claim-a-3-problems-to-consider-cleanup-and-observability:elaborates
section-120-a-3-problems-to-consider,dependency-a-3-problems-to-consider-operators-need-to-know-which-host-owns-a-run-where-its-workspace-lives-and-wheth,elaborates,elaborates,section-120-a-3-problems-to-consider->dependency-a-3-problems-to-consider-operators-need-to-know-which-host-owns-a-run-where-its-workspace-lives-and-wheth:elaborates
finding-impossible-unbounded,risk-7-4-idempotency-and-recovery-rules-claimed-and-running-checks-are-required-before-launching-any-worker,pressures,pressures,finding-impossible-unbounded->risk-7-4-idempotency-and-recovery-rules-claimed-and-running-checks-are-required-before-launching-any-worker:pressures
risk-7-4-idempotency-and-recovery-rules-claimed-and-running-checks-are-required-before-launching-any-worker,finding-impossible-unbounded,evidences,evidences,risk-7-4-idempotency-and-recovery-rules-claimed-and-running-checks-are-required-before-launching-any-worker->finding-impossible-unbounded:evidences
finding-impossible-unbounded,requirement-13-2-logging-outputs-and-sinks-if-a-configured-log-sink-fails-the-service-should-continue-running-when-possible,pressures,pressures,finding-impossible-unbounded->requirement-13-2-logging-outputs-and-sinks-if-a-configured-log-sink-fails-the-service-should-continue-running-when-possible:pressures
requirement-13-2-logging-outputs-and-sinks-if-a-configured-log-sink-fails-the-service-should-continue-running-when-possible,finding-impossible-unbounded,evidences,evidences,requirement-13-2-logging-outputs-and-sinks-if-a-configured-log-sink-fails-the-service-should-continue-running-when-possible->finding-impossible-unbounded:evidences
finding-impossible-unbounded,test-17-test-and-validation-matrix-core-conformance-deterministic-tests-required-for-all-conforming-implementations,pressures,pressures,finding-impossible-unbounded->test-17-test-and-validation-matrix-core-conformance-deterministic-tests-required-for-all-conforming-implementations:pressures
test-17-test-and-validation-matrix-core-conformance-deterministic-tests-required-for-all-conforming-implementations,finding-impossible-unbounded,evidences,evidences,test-17-test-and-validation-matrix-core-conformance-deterministic-tests-required-for-all-conforming-implementations->finding-impossible-unbounded:evidences
finding-impossible-unbounded,requirement-a-1-execution-model-a-remote-host-should-satisfy-the-same-basic-contract-as-a-local-worker-environme,pressures,pressures,finding-impossible-unbounded->requirement-a-1-execution-model-a-remote-host-should-satisfy-the-same-basic-contract-as-a-local-worker-environme:pressures
requirement-a-1-execution-model-a-remote-host-should-satisfy-the-same-basic-contract-as-a-local-worker-environme,finding-impossible-unbounded,evidences,evidences,requirement-a-1-execution-model-a-remote-host-should-satisfy-the-same-basic-contract-as-a-local-worker-environme->finding-impossible-unbounded:evidences
finding-impossible-unbounded,requirement-a-2-scheduling-notes-when-all-ssh-hosts-are-at-capacity-dispatch-should-wait-rather-than-silently-fal,pressures,pressures,finding-impossible-unbounded->requirement-a-2-scheduling-notes-when-all-ssh-hosts-are-at-capacity-dispatch-should-wait-rather-than-silently-fal:pressures
requirement-a-2-scheduling-notes-when-all-ssh-hosts-are-at-capacity-dispatch-should-wait-rather-than-silently-fal,finding-impossible-unbounded,evidences,evidences,requirement-a-2-scheduling-notes-when-all-ssh-hosts-are-at-capacity-dispatch-should-wait-rather-than-silently-fal->finding-impossible-unbounded:evidences
finding-complexity-optional-surface,section-002-normative-language,pressures,pressures,finding-complexity-optional-surface->section-002-normative-language:pressures
section-002-normative-language,finding-complexity-optional-surface,evidences,evidences,section-002-normative-language->finding-complexity-optional-surface:evidences
finding-complexity-optional-surface,section-010-3-3-external-dependencies,pressures,pressures,finding-complexity-optional-surface->section-010-3-3-external-dependencies:pressures
section-010-3-3-external-dependencies,finding-complexity-optional-surface,evidences,evidences,section-010-3-3-external-dependencies->finding-complexity-optional-surface:evidences
finding-complexity-optional-surface,section-024-5-2-file-format,pressures,pressures,finding-complexity-optional-surface->section-024-5-2-file-format:pressures
section-024-5-2-file-format,finding-complexity-optional-surface,evidences,evidences,section-024-5-2-file-format->finding-complexity-optional-surface:evidences
finding-complexity-optional-surface,section-029-5-3-4-hooks-object,pressures,pressures,finding-complexity-optional-surface->section-029-5-3-4-hooks-object:pressures
section-029-5-3-4-hooks-object,finding-complexity-optional-surface,evidences,evidences,section-029-5-3-4-hooks-object->finding-complexity-optional-surface:evidences
finding-complexity-optional-surface,section-035-6-1-configuration-resolution-pipeline,pressures,pressures,finding-complexity-optional-surface->section-035-6-1-configuration-resolution-pipeline:pressures
section-035-6-1-configuration-resolution-pipeline,finding-complexity-optional-surface,evidences,evidences,section-035-6-1-configuration-resolution-pipeline->finding-complexity-optional-surface:evidences
finding-complexity-optional-surface,section-054-9-3-optional-workspace-population-implementation-defined,pressures,pressures,finding-complexity-optional-surface->section-054-9-3-optional-workspace-population-implementation-defined:pressures
section-054-9-3-optional-workspace-population-implementation-defined,finding-complexity-optional-surface,evidences,evidences,section-054-9-3-optional-workspace-population-implementation-defined->finding-complexity-optional-surface:evidences
finding-complexity-optional-surface,section-061-10-4-emitted-runtime-events-upstream-to-orchestrator,pressures,pressures,finding-complexity-optional-surface->section-061-10-4-emitted-runtime-events-upstream-to-orchestrator:pressures
section-061-10-4-emitted-runtime-events-upstream-to-orchestrator,finding-complexity-optional-surface,evidences,evidences,section-061-10-4-emitted-runtime-events-upstream-to-orchestrator->finding-complexity-optional-surface:evidences
finding-complexity-optional-surface,section-072-12-1-inputs,pressures,pressures,finding-complexity-optional-surface->section-072-12-1-inputs:pressures
section-072-12-1-inputs,finding-complexity-optional-surface,evidences,evidences,section-072-12-1-inputs->finding-complexity-optional-surface:evidences
finding-complexity-optional-surface,section-079-13-3-runtime-snapshot-monitoring-interface-optional-but-recommended,pressures,pressures,finding-complexity-optional-surface->section-079-13-3-runtime-snapshot-monitoring-interface-optional-but-recommended:pressures
section-079-13-3-runtime-snapshot-monitoring-interface-optional-but-recommended,finding-complexity-optional-surface,evidences,evidences,section-079-13-3-runtime-snapshot-monitoring-interface-optional-but-recommended->finding-complexity-optional-surface:evidences
finding-complexity-optional-surface,section-080-13-4-optional-human-readable-status-surface,pressures,pressures,finding-complexity-optional-surface->section-080-13-4-optional-human-readable-status-surface:pressures
section-080-13-4-optional-human-readable-status-surface,finding-complexity-optional-surface,evidences,evidences,section-080-13-4-optional-human-readable-status-surface->finding-complexity-optional-surface:evidences
finding-complexity-optional-surface,section-082-13-6-humanized-agent-event-summaries-optional,pressures,pressures,finding-complexity-optional-surface->section-082-13-6-humanized-agent-event-summaries-optional:pressures
section-082-13-6-humanized-agent-event-summaries-optional,finding-complexity-optional-surface,evidences,evidences,section-082-13-6-humanized-agent-event-summaries-optional->finding-complexity-optional-surface:evidences
finding-complexity-optional-surface,section-083-13-7-optional-http-server-extension,pressures,pressures,finding-complexity-optional-surface->section-083-13-7-optional-http-server-extension:pressures
section-083-13-7-optional-http-server-extension,finding-complexity-optional-surface,evidences,evidences,section-083-13-7-optional-http-server-extension->finding-complexity-optional-surface:evidences
finding-misses-problem-low-overlap,section-003-1-problem-statement,pressures,pressures,finding-misses-problem-low-overlap->section-003-1-problem-statement:pressures
section-003-1-problem-statement,finding-misses-problem-low-overlap,evidences,evidences,section-003-1-problem-statement->finding-misses-problem-low-overlap:evidences
finding-misses-problem-low-overlap,goal-2-1-goals-poll-the-issue-tracker-on-a-fixed-cadence-and-dispatch-work-with-bounded-concurr,pressures,pressures,finding-misses-problem-low-overlap->goal-2-1-goals-poll-the-issue-tracker-on-a-fixed-cadence-and-dispatch-work-with-bounded-concurr:pressures
goal-2-1-goals-poll-the-issue-tracker-on-a-fixed-cadence-and-dispatch-work-with-bounded-concurr,finding-misses-problem-low-overlap,evidences,evidences,goal-2-1-goals-poll-the-issue-tracker-on-a-fixed-cadence-and-dispatch-work-with-bounded-concurr->finding-misses-problem-low-overlap:evidences
finding-misses-problem-low-overlap,goal-2-1-goals-maintain-a-single-authoritative-orchestrator-state-for-dispatch-retries-and-reco,pressures,pressures,finding-misses-problem-low-overlap->goal-2-1-goals-maintain-a-single-authoritative-orchestrator-state-for-dispatch-retries-and-reco:pressures
goal-2-1-goals-maintain-a-single-authoritative-orchestrator-state-for-dispatch-retries-and-reco,finding-misses-problem-low-overlap,evidences,evidences,goal-2-1-goals-maintain-a-single-authoritative-orchestrator-state-for-dispatch-retries-and-reco->finding-misses-problem-low-overlap:evidences
finding-misses-problem-low-overlap,goal-2-1-goals-create-deterministic-per-issue-workspaces-and-preserve-them-across-runs,pressures,pressures,finding-misses-problem-low-overlap->goal-2-1-goals-create-deterministic-per-issue-workspaces-and-preserve-them-across-runs:pressures
goal-2-1-goals-create-deterministic-per-issue-workspaces-and-preserve-them-across-runs,finding-misses-problem-low-overlap,evidences,evidences,goal-2-1-goals-create-deterministic-per-issue-workspaces-and-preserve-them-across-runs->finding-misses-problem-low-overlap:evidences
finding-misses-problem-low-overlap,goal-2-1-goals-stop-active-runs-when-issue-state-changes-make-them-ineligible,pressures,pressures,finding-misses-problem-low-overlap->goal-2-1-goals-stop-active-runs-when-issue-state-changes-make-them-ineligible:pressures
goal-2-1-goals-stop-active-runs-when-issue-state-changes-make-them-ineligible,finding-misses-problem-low-overlap,evidences,evidences,goal-2-1-goals-stop-active-runs-when-issue-state-changes-make-them-ineligible->finding-misses-problem-low-overlap:evidences
finding-misses-problem-low-overlap,test-5-5-workflow-validation-and-error-surface-missingworkflowfile,pressures,pressures,finding-misses-problem-low-overlap->test-5-5-workflow-validation-and-error-surface-missingworkflowfile:pressures
test-5-5-workflow-validation-and-error-surface-missingworkflowfile,finding-misses-problem-low-overlap,evidences,evidences,test-5-5-workflow-validation-and-error-surface-missingworkflowfile->finding-misses-problem-low-overlap:evidences
finding-misses-problem-low-overlap,test-5-5-workflow-validation-and-error-surface-workflowparseerror,pressures,pressures,finding-misses-problem-low-overlap->test-5-5-workflow-validation-and-error-surface-workflowparseerror:pressures
test-5-5-workflow-validation-and-error-surface-workflowparseerror,finding-misses-problem-low-overlap,evidences,evidences,test-5-5-workflow-validation-and-error-surface-workflowparseerror->finding-misses-problem-low-overlap:evidences
finding-misses-problem-low-overlap,test-5-5-workflow-validation-and-error-surface-workflowfrontmatternotamap,pressures,pressures,finding-misses-problem-low-overlap->test-5-5-workflow-validation-and-error-surface-workflowfrontmatternotamap:pressures
test-5-5-workflow-validation-and-error-surface-workflowfrontmatternotamap,finding-misses-problem-low-overlap,evidences,evidences,test-5-5-workflow-validation-and-error-surface-workflowfrontmatternotamap->finding-misses-problem-low-overlap:evidences
finding-misses-problem-low-overlap,test-5-5-workflow-validation-and-error-surface-templateparseerror-during-prompt-rendering,pressures,pressures,finding-misses-problem-low-overlap->test-5-5-workflow-validation-and-error-surface-templateparseerror-during-prompt-rendering:pressures
test-5-5-workflow-validation-and-error-surface-templateparseerror-during-prompt-rendering,finding-misses-problem-low-overlap,evidences,evidences,test-5-5-workflow-validation-and-error-surface-templateparseerror-during-prompt-rendering->finding-misses-problem-low-overlap:evidences
finding-underspecified-vague-norms,requirement-5-2-file-format-workflow-md-should-be-self-contained-enough-to-describe-and-run-different-workfl,pressures,pressures,finding-underspecified-vague-norms->requirement-5-2-file-format-workflow-md-should-be-self-contained-enough-to-describe-and-run-different-workfl:pressures
requirement-5-2-file-format-workflow-md-should-be-self-contained-enough-to-describe-and-run-different-workfl,finding-underspecified-vague-norms,evidences,evidences,requirement-5-2-file-format-workflow-md-should-be-self-contained-enough-to-describe-and-run-different-workfl->finding-underspecified-vague-norms:evidences
finding-underspecified-vague-norms,requirement-13-4-optional-human-readable-status-surface-a-human-readable-status-surface-terminal-output-dashboard-etc-is-optional-and,pressures,pressures,finding-underspecified-vague-norms->requirement-13-4-optional-human-readable-status-surface-a-human-readable-status-surface-terminal-output-dashboard-etc-is-optional-and:pressures
requirement-13-4-optional-human-readable-status-surface-a-human-readable-status-surface-terminal-output-dashboard-etc-is-optional-and,finding-underspecified-vague-norms,evidences,evidences,requirement-13-4-optional-human-readable-status-surface-a-human-readable-status-surface-terminal-output-dashboard-etc-is-optional-and->finding-underspecified-vague-norms:evidences
